{
    "model_configuration": {
        "cnn": {
            "output_channels": [
                32
            ],
            "kernel_sizes": [
                33
            ],
            "paddings": [
                "same"
            ]
        },
        "encoder": {
            "h": 4,
            "d_k": 32,
            "d_v": 32,
            "d_model": 32,
            "d_ff": 128,
            "n": 4
        },
        "dense": {
            "sizes": [
                128
            ]
        },
        "avg_pool": 32,
        "description": "k=33"
    },
    "train_history": {
        "loss": [
            1.7175875902175903,
            1.3021420240402222,
            1.2390666007995605,
            1.2087512016296387,
            1.1803690195083618,
            1.160854458808899,
            1.1483255624771118,
            1.1400693655014038,
            1.1347335577011108,
            1.127556324005127,
            1.1213741302490234,
            1.1131805181503296,
            1.1088826656341553,
            1.1029548645019531,
            1.0974607467651367,
            1.0935066938400269,
            1.0891236066818237,
            1.0856083631515503,
            1.0814474821090698,
            1.0774730443954468,
            1.0745043754577637,
            1.068975806236267,
            1.065915822982788,
            1.0639899969100952,
            1.0619767904281616,
            1.0605815649032593,
            1.0572913885116577,
            1.0550166368484497,
            1.0535118579864502,
            1.0516144037246704,
            1.0512757301330566,
            1.0468143224716187,
            1.0476876497268677,
            1.0459994077682495,
            1.04246187210083,
            1.042672872543335,
            1.0416158437728882,
            1.0380817651748657,
            1.0392646789550781,
            1.0357866287231445
        ],
        "accuracy": [
            0.33757954835891724,
            0.49086931347846985,
            0.5168352127075195,
            0.532659113407135,
            0.5470113754272461,
            0.5559375286102295,
            0.5609147548675537,
            0.5645852088928223,
            0.5669375061988831,
            0.5691534280776978,
            0.5734090805053711,
            0.5767386555671692,
            0.580267071723938,
            0.5852442979812622,
            0.5880852341651917,
            0.5919261574745178,
            0.5940909385681152,
            0.5974488854408264,
            0.5996875166893005,
            0.6024488806724548,
            0.603664755821228,
            0.6062102317810059,
            0.6075568199157715,
            0.6093238592147827,
            0.6105852127075195,
            0.610909104347229,
            0.6124602556228638,
            0.6133806705474854,
            0.6149943470954895,
            0.6152613759040833,
            0.6158409118652344,
            0.6176590919494629,
            0.6175227165222168,
            0.6180965900421143,
            0.619289755821228,
            0.61970454454422,
            0.6203522682189941,
            0.6209772825241089,
            0.6209999918937683,
            0.6222670674324036
        ],
        "val_loss": [
            1.3701359033584595,
            1.2432212829589844,
            1.2325241565704346,
            1.2126104831695557,
            1.1596933603286743,
            1.155051589012146,
            1.1490223407745361,
            1.1401236057281494,
            1.1484891176223755,
            1.1361364126205444,
            1.124506950378418,
            1.1274025440216064,
            1.1081604957580566,
            1.1169164180755615,
            1.1078417301177979,
            1.0979083776474,
            1.1023298501968384,
            1.0945653915405273,
            1.088074803352356,
            1.093009352684021,
            1.0850392580032349,
            1.0875730514526367,
            1.0914359092712402,
            1.0768752098083496,
            1.0774965286254883,
            1.0853618383407593,
            1.0999171733856201,
            1.079768419265747,
            1.0704827308654785,
            1.0731388330459595,
            1.0796692371368408,
            1.0670069456100464,
            1.0891201496124268,
            1.0683730840682983,
            1.0742340087890625,
            1.0765973329544067,
            1.068111538887024,
            1.0764931440353394,
            1.0663270950317383,
            1.0690549612045288
        ],
        "val_accuracy": [
            0.46027272939682007,
            0.5060908794403076,
            0.522636353969574,
            0.5366363525390625,
            0.5537727475166321,
            0.557454526424408,
            0.5606363415718079,
            0.5606818199157715,
            0.5630000233650208,
            0.5655909180641174,
            0.5745000243186951,
            0.5681818127632141,
            0.5866363644599915,
            0.586227297782898,
            0.5838181972503662,
            0.5929090976715088,
            0.5951818227767944,
            0.5977272987365723,
            0.5988636612892151,
            0.6008636355400085,
            0.6019999980926514,
            0.6030454635620117,
            0.6030454635620117,
            0.6034545302391052,
            0.6046363711357117,
            0.6038181781768799,
            0.5931817889213562,
            0.6053636074066162,
            0.6111817955970764,
            0.6110454797744751,
            0.6074091196060181,
            0.611090898513794,
            0.6057272553443909,
            0.6102272868156433,
            0.6125454306602478,
            0.6112727522850037,
            0.6143181920051575,
            0.6086363792419434,
            0.6145908832550049,
            0.6144999861717224
        ]
    },
    "cm_val": [
        [
            1349,
            1,
            32,
            8,
            7,
            147,
            8,
            3,
            14,
            2,
            453
        ],
        [
            4,
            1249,
            12,
            27,
            365,
            2,
            29,
            41,
            37,
            13,
            242
        ],
        [
            24,
            7,
            1318,
            8,
            16,
            18,
            22,
            12,
            49,
            7,
            529
        ],
        [
            6,
            51,
            23,
            1095,
            64,
            2,
            22,
            71,
            57,
            18,
            534
        ],
        [
            5,
            352,
            12,
            30,
            1134,
            1,
            32,
            44,
            49,
            7,
            393
        ],
        [
            815,
            7,
            63,
            5,
            8,
            620,
            20,
            6,
            12,
            2,
            452
        ],
        [
            5,
            8,
            16,
            3,
            8,
            4,
            1443,
            1,
            17,
            30,
            436
        ],
        [
            12,
            72,
            19,
            47,
            101,
            3,
            41,
            1090,
            52,
            8,
            575
        ],
        [
            6,
            22,
            39,
            20,
            25,
            4,
            30,
            19,
            1247,
            5,
            570
        ],
        [
            2,
            13,
            15,
            4,
            29,
            2,
            145,
            15,
            21,
            1147,
            577
        ],
        [
            7,
            8,
            32,
            7,
            18,
            6,
            36,
            10,
            35,
            4,
            1822
        ]
    ],