{
    "model_configuration": {
        "cnn": {
            "output_channels": [
                64
            ],
            "kernel_sizes": [
                9
            ],
            "paddings": [
                "same"
            ]
        },
        "encoder": {
            "h": 4,
            "d_k": 32,
            "d_v": 32,
            "d_model": 64,
            "d_ff": 128,
            "n": 4
        },
        "dense": {
            "sizes": [
                128
            ]
        },
        "avg_pool": 32,
        "description": "d_model=64"
    },
    "train_history": {
        "loss": [
            1.7143409252166748,
            1.3276036977767944,
            1.2785413265228271,
            1.2417293787002563,
            1.2080607414245605,
            1.1808029413223267,
            1.1639450788497925,
            1.1560602188110352,
            1.1458011865615845,
            1.1397111415863037,
            1.130991816520691,
            1.12555992603302,
            1.118264079093933,
            1.1140140295028687,
            1.107944130897522,
            1.1041374206542969,
            1.1001560688018799,
            1.0952622890472412,
            1.092086911201477,
            1.090480089187622,
            1.08842933177948,
            1.0824661254882812,
            1.0820932388305664,
            1.079033613204956,
            1.0763781070709229,
            1.0727875232696533,
            1.0707627534866333,
            1.067833423614502,
            1.0683374404907227,
            1.0627241134643555,
            1.0613312721252441,
            1.059669852256775,
            1.0589205026626587,
            1.0562007427215576,
            1.0533720254898071,
            1.0517642498016357,
            1.049072265625,
            1.046312689781189,
            1.0447438955307007,
            1.0404820442199707
        ],
        "accuracy": [
            0.34756818413734436,
            0.4884715974330902,
            0.5131363868713379,
            0.5292954444885254,
            0.5454147458076477,
            0.557454526424408,
            0.5648011565208435,
            0.568170428276062,
            0.5729374885559082,
            0.5756363868713379,
            0.5786874890327454,
            0.582369327545166,
            0.5854659080505371,
            0.5879943370819092,
            0.5916420221328735,
            0.5927329659461975,
            0.5944602489471436,
            0.5961250066757202,
            0.5983238816261292,
            0.5987443327903748,
            0.6002272963523865,
            0.6019602417945862,
            0.6024090647697449,
            0.604397714138031,
            0.6054261326789856,
            0.606539785861969,
            0.6076533794403076,
            0.6090113520622253,
            0.6100454330444336,
            0.6109715700149536,
            0.6126590967178345,
            0.6128125190734863,
            0.613676130771637,
            0.6150000095367432,
            0.6163068413734436,
            0.615778386592865,
            0.6184261441230774,
            0.6191704273223877,
            0.6194431781768799,
            0.6223011612892151
        ],
        "val_loss": [
            1.3955965042114258,
            1.289699673652649,
            1.2472599744796753,
            1.233696460723877,
            1.1848998069763184,
            1.19296133518219,
            1.1507296562194824,
            1.1501578092575073,
            1.1684156656265259,
            1.15390944480896,
            1.1336557865142822,
            1.1278033256530762,
            1.1317217350006104,
            1.1250861883163452,
            1.103971242904663,
            1.1018668413162231,
            1.109723448753357,
            1.10096275806427,
            1.1071981191635132,
            1.0958471298217773,
            1.101248025894165,
            1.091413140296936,
            1.1131038665771484,
            1.0892008543014526,
            1.085705041885376,
            1.0913856029510498,
            1.095874309539795,
            1.1050679683685303,
            1.0897793769836426,
            1.0890495777130127,
            1.0864605903625488,
            1.08086097240448,
            1.080675482749939,
            1.0889594554901123,
            1.0844347476959229,
            1.0819371938705444,
            1.0737816095352173,
            1.073880672454834,
            1.0820116996765137,
            1.081907033920288
        ],
        "val_accuracy": [
            0.4538181722164154,
            0.509954571723938,
            0.5294091105461121,
            0.536227285861969,
            0.5564091205596924,
            0.5547727346420288,
            0.5701363682746887,
            0.5744545459747314,
            0.5640454292297363,
            0.576090931892395,
            0.5808636546134949,
            0.5823636651039124,
            0.5814999938011169,
            0.5867727398872375,
            0.5935454368591309,
            0.5966818332672119,
            0.5943182110786438,
            0.5951818227767944,
            0.5955908894538879,
            0.5967272520065308,
            0.5960454344749451,
            0.6000000238418579,
            0.5887272953987122,
            0.6033636331558228,
            0.6036363840103149,
            0.6015454530715942,
            0.5979090929031372,
            0.5984545350074768,
            0.6032272577285767,
            0.6005908846855164,
            0.6054545640945435,
            0.6034091114997864,
            0.6052727103233337,
            0.6011818051338196,
            0.6054999828338623,
            0.6068636178970337,
            0.6118181943893433,
            0.6087727546691895,
            0.6059545278549194,
            0.6088181734085083
        ]
    },
    "cm_val": [
        [
            1433,
            0,
            29,
            3,
            4,
            61,
            6,
            1,
            20,
            2,
            465
        ],
        [
            7,
            1161,
            15,
            25,
            410,
            1,
            28,
            58,
            60,
            10,
            246
        ],
        [
            22,
            6,
            1288,
            7,
            16,
            47,
            16,
            5,
            64,
            6,
            533
        ],
        [
            13,
            28,
            29,
            1085,
            55,
            1,
            28,
            74,
            86,
            12,
            532
        ],
        [
            2,
            211,
            21,
            24,
            1220,
            1,
            25,
            67,
            72,
            10,
            406
        ],
        [
            886,
            2,
            84,
            6,
            7,
            524,
            8,
            3,
            22,
            6,
            462
        ],
        [
            6,
            4,
            25,
            5,
            15,
            1,
            1414,
            4,
            16,
            43,
            438
        ],
        [
            9,
            36,
            34,
            54,
            98,
            7,
            29,
            1089,
            72,
            13,
            579
        ],
        [
            10,
            9,
            57,
            18,
            28,
            4,
            25,
            14,
            1243,
            6,
            573
        ],
        [
            6,
            8,
            30,
            6,
            18,
            2,
            130,
            8,
            37,
            1153,
            572
        ],
        [
            12,
            5,
            57,
            16,
            10,
            5,
            29,
            6,
            26,
            7,
            1812
        ]
    ],