{
    "model_configuration": {
        "cnn": {
            "output_channels": [
                32,
                48,
                64,
                96,
                128,
                192
            ],
            "kernel_sizes": [
                65,
                65,
                65,
                65,
                65,
                65
            ],
            "paddings": [
                "same",
                "same",
                "same",
                "same",
                "same",
                "same"
            ],
            "max_pool_sizes": [
                1,
                1,
                2,
                1,
                2,
                1
            ]
        },
        "dense": {
            "sizes": []
        },
        "avg_pool": 32
    },
    "train_history": {
        "loss": [
            1.7761837244033813,
            1.4316805601119995,
            1.3125779628753662,
            1.265805959701538,
            1.244462251663208,
            1.2318978309631348,
            1.2229976654052734,
            1.2160617113113403,
            1.209688425064087,
            1.1740520000457764,
            1.168493390083313,
            1.1661275625228882,
            1.1647989749908447,
            1.1629244089126587,
            1.1619176864624023,
            1.1606369018554688
        ],
        "accuracy": [
            0.3120795488357544,
            0.4317329525947571,
            0.483323872089386,
            0.5006988644599915,
            0.5085340738296509,
            0.5109147429466248,
            0.5167158842086792,
            0.5196420550346375,
            0.522136390209198,
            0.5372272729873657,
            0.5397443175315857,
            0.5416306853294373,
            0.5421420335769653,
            0.5436420440673828,
            0.5437557101249695,
            0.5442102551460266
        ],
        "val_loss": [
            1.5029047727584839,
            1.3512351512908936,
            1.2740823030471802,
            1.2512761354446411,
            1.2435696125030518,
            1.2208917140960693,
            1.2191123962402344,
            1.2798092365264893,
            1.2272768020629883,
            1.1860361099243164,
            1.1836153268814087,
            1.1814210414886475,
            1.180969476699829,
            1.180996298789978,
            1.1823829412460327,
            1.1786340475082397
        ],
        "val_accuracy": [
            0.40795454382896423,
            0.47377273440361023,
            0.4983181953430176,
            0.5065909028053284,
            0.5070454478263855,
            0.5176363587379456,
            0.5198636651039124,
            0.4983636438846588,
            0.5074999928474426,
            0.5303636193275452,
            0.5329999923706055,
            0.5339545607566833,
            0.5347727537155151,
            0.5333181619644165,
            0.5316363573074341,
            0.5353636145591736
        ],
        "lr": [
            0.0010000000474974513,
            0.0010000000474974513,
            0.0010000000474974513,
            0.0010000000474974513,
            0.0010000000474974513,
            0.0010000000474974513,
            0.0010000000474974513,
            0.0010000000474974513,
            0.0010000000474974513,
            9.999999747378752e-05,
            9.999999747378752e-05,
            9.999999747378752e-05,
            9.999999747378752e-05,
            9.999999747378752e-05,
            9.999999747378752e-05,
            9.999999747378752e-05
        ]
    },
    "cm_val": [
        [
            1075,
            19,
            57,
            0,
            434,
            76,
            10,
            10,
            12,
            40,
            288
        ],
        [
            6,
            1164,
            20,
            1,
            18,
            21,
            8,
            19,
            85,
            8,
            620
        ],
        [
            6,
            14,
            1226,
            1,
            11,
            26,
            52,
            23,
            6,
            11,
            611
        ],
        [
            0,
            4,
            15,
            497,
            3,
            6,
            64,
            971,
            1,
            1,
            448
        ],
        [
            897,
            18,
            63,
            1,
            482,
            83,
            11,
            14,
            13,
            47,
            430
        ],
        [
            36,
            18,
            57,
            1,
            67,
            826,
            20,
            22,
            15,
            332,
            626
        ],
        [
            0,
            6,
            49,
            47,
            1,
            8,
            1289,
            39,
            6,
            2,
            563
        ],
        [
            1,
            2,
            6,
            57,
            3,
            5,
            33,
            1476,
            0,
            0,
            441
        ],
        [
            7,
            89,
            16,
            0,
            2,
            15,
            15,
            11,
            1331,
            2,
            483
        ],
        [
            31,
            9,
            47,
            3,
            57,
            612,
            27,
            13,
            17,
            540,
            587
        ],
        [
            0,
            15,
            11,
            2,
            3,
            15,
            14,
            49,
            7,
            0,
            1869
        ]
    ],
    "cls_to_acc_val": {
        "Overall": 0.5352272727272728,
        "QAM64": 0.5319148936170213,
        "BPSK": 0.5908629441624366,
        "CPFSK": 0.6170105686965274,
        "WBFM": 0.2472636815920398,
        "QAM16": 0.2340942204953861,
        "8PSK": 0.4089108910891089,
        "GFSK": 0.6412935323383084,
        "AM-DSB": 0.7292490118577075,
        "PAM4": 0.6752917300862507,
        "QPSK": 0.27792074112197634,
        "AM-SSB": 0.9415617128463476
    },
    "snr_to_acc_val": {
        "-20": 0.08856088560885608,
        "-18": 0.09586466165413533,
        "-16": 0.08112874779541446,
        "-14": 0.13138686131386862,
        "-12": 0.1337579617834395,
        "-10": 0.2395644283121597,
        "-8": 0.3548387096774194,
        "-6": 0.5443510737628384,
        "-4": 0.6369545032497679,
        "-2": 0.6812993854258121,
        "0": 0.7340720221606648,
        "2": 0.7649219467401286,
        "4": 0.7647058823529411,
        "6": 0.771689497716895,
        "8": 0.7825295723384895,
        "10": 0.7650130548302873,
        "12": 0.7840805123513266,
        "14": 0.7768361581920904,
        "16": 0.7791353383458647,
        "18": 0.7819148936170213
    },