{
    "model_configuration": {
        "cnn": {
            "output_channels": [
                64,
                64,
                128,
                192,
                192,
                256
            ],
            "kernel_sizes": [
                8,
                8,
                8,
                8,
                8,
                8
            ],
            "paddings": [
                "same",
                "same",
                "same",
                "same",
                "same",
                "same"
            ],
            "max_pool_sizes": [
                1,
                1,
                2,
                1,
                2,
                1
            ]
        },
        "dense": {
            "sizes": []
        },
        "avg_pool": 32
    },
    "train_history": {
        "loss": [
            1.7619781494140625,
            1.4730783700942993,
            1.3076748847961426,
            1.2175315618515015,
            1.179075837135315,
            1.1584657430648804,
            1.143414855003357,
            1.1325005292892456,
            1.1262584924697876,
            1.0925496816635132,
            1.088695764541626,
            1.086801290512085,
            1.0845835208892822,
            1.0827378034591675,
            1.0810480117797852,
            1.0795193910598755
        ],
        "accuracy": [
            0.3430568277835846,
            0.4497045576572418,
            0.5018579363822937,
            0.5353352427482605,
            0.55283522605896,
            0.5608920454978943,
            0.5664374828338623,
            0.5711761116981506,
            0.5740113854408264,
            0.5901306867599487,
            0.5916249752044678,
            0.5930908918380737,
            0.5940795540809631,
            0.5948807001113892,
            0.5965681672096252,
            0.5962272882461548
        ],
        "val_loss": [
            1.5641214847564697,
            1.4170963764190674,
            1.2330272197723389,
            1.204306721687317,
            1.1633198261260986,
            1.177362084388733,
            1.1501951217651367,
            1.152467966079712,
            1.1207129955291748,
            1.1082825660705566,
            1.1083773374557495,
            1.10813570022583,
            1.1055363416671753,
            1.107046127319336,
            1.1076536178588867,
            1.1053966283798218
        ],
        "val_accuracy": [
            0.4177272617816925,
            0.4673636257648468,
            0.5299545526504517,
            0.5386363863945007,
            0.5601817965507507,
            0.5545454621315002,
            0.5625,
            0.5616363883018494,
            0.5741817951202393,
            0.5842727422714233,
            0.5836818218231201,
            0.5828182101249695,
            0.5820909142494202,
            0.5826363563537598,
            0.5839090943336487,
            0.5855454802513123
        ],
        "lr": [
            0.0010000000474974513,
            0.0010000000474974513,
            0.0010000000474974513,
            0.0010000000474974513,
            0.0010000000474974513,
            0.0010000000474974513,
            0.0010000000474974513,
            0.0010000000474974513,
            0.0010000000474974513,
            9.999999747378752e-05,
            9.999999747378752e-05,
            9.999999747378752e-05,
            9.999999747378752e-05,
            9.999999747378752e-05,
            9.999999747378752e-05,
            9.999999747378752e-05
        ]
    },
    "cm_val": [
        [
            1139,
            28,
            44,
            4,
            379,
            46,
            16,
            11,
            47,
            56,
            251
        ],
        [
            6,
            1175,
            27,
            6,
            10,
            15,
            20,
            20,
            104,
            13,
            574
        ],
        [
            2,
            14,
            1263,
            11,
            11,
            15,
            40,
            19,
            18,
            12,
            582
        ],
        [
            0,
            5,
            12,
            640,
            1,
            7,
            66,
            838,
            8,
            2,
            431
        ],
        [
            831,
            26,
            60,
            6,
            567,
            53,
            18,
            13,
            28,
            53,
            404
        ],
        [
            52,
            28,
            53,
            10,
            30,
            1073,
            19,
            16,
            30,
            105,
            604
        ],
        [
            3,
            7,
            23,
            51,
            5,
            10,
            1308,
            32,
            14,
            2,
            555
        ],
        [
            0,
            4,
            13,
            182,
            2,
            1,
            39,
            1354,
            5,
            3,
            421
        ],
        [
            8,
            51,
            16,
            3,
            9,
            2,
            21,
            12,
            1391,
            7,
            451
        ],
        [
            41,
            27,
            50,
            13,
            21,
            49,
            26,
            18,
            25,
            1127,
            546
        ],
        [
            2,
            10,
            17,
            25,
            3,
            6,
            23,
            26,
            19,
            10,
            1844
        ]
    ],
    "cls_to_acc_val": {
        "Overall": 0.5855,
        "QAM64": 0.5635823849579417,
        "BPSK": 0.5964467005076142,
        "CPFSK": 0.6356316054353296,
        "WBFM": 0.31840796019900497,
        "QAM16": 0.2753763963088878,
        "8PSK": 0.5311881188118812,
        "GFSK": 0.6507462686567164,
        "AM-DSB": 0.6689723320158103,
        "PAM4": 0.7057331303906647,
        "QPSK": 0.5800308800823469,
        "AM-SSB": 0.9289672544080605
    },
    "snr_to_acc_val": {
        "-20": 0.09317343173431734,
        "-18": 0.08834586466165413,
        "-16": 0.09082892416225749,
        "-14": 0.13777372262773724,
        "-12": 0.1410373066424022,
        "-10": 0.25680580762250454,
        "-8": 0.3996415770609319,
        "-6": 0.5527544351073763,
        "-4": 0.6750232126276694,
        "-2": 0.762071992976295,
        "0": 0.8190212373037857,
        "2": 0.8246097337006428,
        "4": 0.8633217993079585,
        "6": 0.8502283105022831,
        "8": 0.8626023657870792,
        "10": 0.8468233246301131,
        "12": 0.8627630375114365,
        "14": 0.8549905838041432,
        "16": 0.8627819548872181,
        "18": 0.848404255319149
    },