{
    "model_configuration": {
        "cnn": {
            "output_channels": [
                32,
                48,
                64,
                96,
                128,
                192
            ],
            "kernel_sizes": [
                8,
                8,
                8,
                8,
                8,
                8
            ],
            "paddings": [
                "same",
                "same",
                "same",
                "same",
                "same",
                "same"
            ],
            "max_pool_sizes": [
                1,
                1,
                2,
                1,
                2,
                1
            ]
        },
        "dense": {
            "sizes": []
        },
        "avg_pool": 32
    },
    "train_history": {
        "loss": [
            1.8012688159942627,
            1.5472882986068726,
            1.476106882095337,
            1.313921332359314,
            1.2307478189468384,
            1.1981161832809448,
            1.1768474578857422,
            1.1591984033584595,
            1.1489663124084473,
            1.1158835887908936,
            1.1123555898666382,
            1.1104379892349243,
            1.1085833311080933,
            1.1067769527435303,
            1.1055697202682495,
            1.103930950164795
        ],
        "accuracy": [
            0.32636362314224243,
            0.4240681827068329,
            0.44765910506248474,
            0.5006250143051147,
            0.5326647758483887,
            0.5467272996902466,
            0.554880678653717,
            0.5625397562980652,
            0.5651476979255676,
            0.5809318423271179,
            0.5822727084159851,
            0.5837841033935547,
            0.584528386592865,
            0.5851988792419434,
            0.586380660533905,
            0.5865284204483032
        ],
        "val_loss": [
            1.5707939863204956,
            1.4906476736068726,
            1.4138233661651611,
            1.2417808771133423,
            1.201717734336853,
            1.1850957870483398,
            1.1655653715133667,
            1.1646870374679565,
            1.1378459930419922,
            1.1256978511810303,
            1.1261577606201172,
            1.123725414276123,
            1.1227850914001465,
            1.1225234270095825,
            1.122666358947754,
            1.1226603984832764
        ],
        "val_accuracy": [
            0.4109545350074768,
            0.44404545426368713,
            0.46259090304374695,
            0.5274999737739563,
            0.5456818342208862,
            0.5499545335769653,
            0.5573182106018066,
            0.5600000023841858,
            0.5659545660018921,
            0.5759999752044678,
            0.5750908851623535,
            0.5761818289756775,
            0.5738182067871094,
            0.5784545540809631,
            0.5736818313598633,
            0.5752727389335632
        ],
        "lr": [
            0.0010000000474974513,
            0.0010000000474974513,
            0.0010000000474974513,
            0.0010000000474974513,
            0.0010000000474974513,
            0.0010000000474974513,
            0.0010000000474974513,
            0.0010000000474974513,
            0.0010000000474974513,
            9.999999747378752e-05,
            9.999999747378752e-05,
            9.999999747378752e-05,
            9.999999747378752e-05,
            9.999999747378752e-05,
            9.999999747378752e-05,
            9.999999747378752e-05
        ]
    },
    "cm_val": [
        [
            1132,
            30,
            37,
            7,
            379,
            46,
            20,
            12,
            60,
            44,
            254
        ],
        [
            2,
            1154,
            19,
            14,
            17,
            15,
            16,
            24,
            112,
            13,
            584
        ],
        [
            5,
            13,
            1236,
            13,
            9,
            13,
            47,
            34,
            25,
            14,
            578
        ],
        [
            2,
            3,
            9,
            641,
            1,
            4,
            68,
            853,
            14,
            2,
            413
        ],
        [
            909,
            17,
            40,
            8,
            476,
            57,
            24,
            24,
            45,
            53,
            406
        ],
        [
            48,
            27,
            42,
            10,
            45,
            1050,
            20,
            30,
            38,
            106,
            604
        ],
        [
            0,
            7,
            22,
            51,
            9,
            3,
            1299,
            37,
            18,
            5,
            559
        ],
        [
            0,
            4,
            9,
            195,
            2,
            1,
            35,
            1354,
            6,
            2,
            416
        ],
        [
            2,
            48,
            10,
            8,
            16,
            8,
            16,
            13,
            1396,
            4,
            450
        ],
        [
            25,
            27,
            37,
            19,
            20,
            74,
            18,
            18,
            39,
            1100,
            566
        ],
        [
            0,
            11,
            14,
            22,
            0,
            9,
            20,
            48,
            31,
            12,
            1818
        ]
    ],
    "cls_to_acc_val": {
        "Overall": 0.5752727272727273,
        "QAM64": 0.5601187530925285,
        "BPSK": 0.5857868020304569,
        "CPFSK": 0.6220432813286362,
        "WBFM": 0.3189054726368159,
        "QAM16": 0.2311801845556095,
        "8PSK": 0.5198019801980198,
        "GFSK": 0.6462686567164179,
        "AM-DSB": 0.6689723320158103,
        "PAM4": 0.7082699137493658,
        "QPSK": 0.5661348430262481,
        "AM-SSB": 0.9158690176322418
    },
    "snr_to_acc_val": {
        "-20": 0.09501845018450185,
        "-18": 0.09398496240601503,
        "-16": 0.0855379188712522,
        "-14": 0.13777372262773724,
        "-12": 0.1392174704276615,
        "-10": 0.26678765880217786,
        "-8": 0.3844086021505376,
        "-6": 0.5163398692810458,
        "-4": 0.6406685236768802,
        "-2": 0.7164179104477612,
        "0": 0.7968605724838412,
        "2": 0.8411386593204775,
        "4": 0.8391003460207612,
        "6": 0.8447488584474886,
        "8": 0.8535031847133758,
        "10": 0.8372497824194952,
        "12": 0.8517840805123513,
        "14": 0.8455743879472694,
        "16": 0.8571428571428571,
        "18": 0.8466312056737588
    },