{
    "model_configuration": {
        "cnn": {
            "output_channels": [
                32,
                48,
                64,
                96,
                128,
                192
            ],
            "kernel_sizes": [
                17,
                17,
                17,
                17,
                17,
                17
            ],
            "paddings": [
                "same",
                "same",
                "same",
                "same",
                "same",
                "same"
            ],
            "max_pool_sizes": [
                1,
                1,
                2,
                1,
                2,
                1
            ]
        },
        "dense": {
            "sizes": []
        },
        "avg_pool": 32
    },
    "train_history": {
        "loss": [
            1.6126340627670288,
            1.2811092138290405,
            1.2442361116409302,
            1.214078426361084,
            1.188725233078003,
            1.1705955266952515,
            1.1570398807525635,
            1.1403183937072754,
            1.1334692239761353,
            1.1013168096542358,
            1.0974901914596558,
            1.0956531763076782,
            1.0943033695220947,
            1.092970848083496,
            1.0916292667388916,
            1.0900397300720215
        ],
        "accuracy": [
            0.37973296642303467,
            0.5004772543907166,
            0.5147784352302551,
            0.5304261445999146,
            0.5424602031707764,
            0.5507500171661377,
            0.5591079592704773,
            0.5648182034492493,
            0.5693011283874512,
            0.5820397734642029,
            0.5849147439002991,
            0.5853011608123779,
            0.5856534242630005,
            0.5861932039260864,
            0.5869545340538025,
            0.587914764881134
        ],
        "val_loss": [
            1.3311560153961182,
            1.245357632637024,
            1.2289948463439941,
            1.2119389772415161,
            1.1822658777236938,
            1.166772723197937,
            1.1481796503067017,
            1.1438400745391846,
            1.1357722282409668,
            1.1144013404846191,
            1.1101423501968384,
            1.1092475652694702,
            1.1094478368759155,
            1.1100329160690308,
            1.1137131452560425,
            1.108465552330017
        ],
        "val_accuracy": [
            0.4776363670825958,
            0.5078636407852173,
            0.5254091024398804,
            0.5354999899864197,
            0.5450000166893005,
            0.5541818141937256,
            0.5616363883018494,
            0.5670454502105713,
            0.5647727251052856,
            0.5765454769134521,
            0.5788182020187378,
            0.578318178653717,
            0.5774999856948853,
            0.5789545178413391,
            0.578000009059906,
            0.5792272686958313
        ],
        "lr": [
            0.0010000000474974513,
            0.0010000000474974513,
            0.0010000000474974513,
            0.0010000000474974513,
            0.0010000000474974513,
            0.0010000000474974513,
            0.0010000000474974513,
            0.0010000000474974513,
            0.0010000000474974513,
            9.999999747378752e-05,
            9.999999747378752e-05,
            9.999999747378752e-05,
            9.999999747378752e-05,
            9.999999747378752e-05,
            9.999999747378752e-05,
            9.999999747378752e-05
        ]
    },
    "cm_val": [
        [
            1153,
            24,
            48,
            4,
            372,
            38,
            25,
            7,
            36,
            46,
            268
        ],
        [
            10,
            1168,
            18,
            7,
            5,
            16,
            17,
            16,
            94,
            18,
            601
        ],
        [
            7,
            12,
            1255,
            12,
            1,
            11,
            46,
            19,
            15,
            17,
            592
        ],
        [
            0,
            2,
            9,
            592,
            1,
            2,
            58,
            884,
            9,
            9,
            444
        ],
        [
            934,
            24,
            56,
            5,
            484,
            41,
            16,
            16,
            24,
            43,
            416
        ],
        [
            45,
            21,
            64,
            6,
            35,
            1053,
            20,
            20,
            35,
            116,
            605
        ],
        [
            0,
            5,
            34,
            37,
            3,
            5,
            1307,
            41,
            13,
            5,
            560
        ],
        [
            0,
            4,
            5,
            151,
            1,
            2,
            53,
            1375,
            4,
            1,
            428
        ],
        [
            7,
            38,
            15,
            2,
            6,
            3,
            22,
            12,
            1397,
            7,
            462
        ],
        [
            38,
            27,
            60,
            8,
            15,
            44,
            24,
            17,
            20,
            1131,
            559
        ],
        [
            1,
            17,
            23,
            25,
            2,
            2,
            25,
            32,
            17,
            13,
            1828
        ]
    ],
    "cls_to_acc_val": {
        "Overall": 0.5792272727272727,
        "QAM64": 0.570509648688768,
        "BPSK": 0.5928934010152285,
        "CPFSK": 0.6316054353296426,
        "WBFM": 0.2945273631840796,
        "QAM16": 0.23506556580864496,
        "8PSK": 0.5212871287128713,
        "GFSK": 0.6502487562189054,
        "AM-DSB": 0.6793478260869565,
        "PAM4": 0.708777270421106,
        "QPSK": 0.582089552238806,
        "AM-SSB": 0.9209068010075567
    },
    "snr_to_acc_val": {
        "-20": 0.0940959409594096,
        "-18": 0.09774436090225563,
        "-16": 0.08112874779541446,
        "-14": 0.1386861313868613,
        "-12": 0.1565059144676979,
        "-10": 0.26497277676951,
        "-8": 0.3835125448028674,
        "-6": 0.5415499533146592,
        "-4": 0.6629526462395543,
        "-2": 0.7243195785776997,
        "0": 0.7977839335180056,
        "2": 0.8273645546372819,
        "4": 0.8477508650519031,
        "6": 0.8529680365296803,
        "8": 0.8589626933575978,
        "10": 0.845082680591819,
        "12": 0.8526989935956084,
        "14": 0.8455743879472694,
        "16": 0.8515037593984962,
        "18": 0.8439716312056738
    },