{
    "model_configuration": {
        "cnn": {
            "output_channels": [
                32,
                48,
                64,
                96,
                128,
                192
            ],
            "kernel_sizes": [
                33,
                33,
                33,
                33,
                33,
                33
            ],
            "paddings": [
                "same",
                "same",
                "same",
                "same",
                "same",
                "same"
            ],
            "max_pool_sizes": [
                1,
                1,
                2,
                1,
                2,
                1
            ]
        },
        "dense": {
            "sizes": []
        },
        "avg_pool": 32
    },
    "train_history": {
        "loss": [
            1.6466809511184692,
            1.2815018892288208,
            1.2434885501861572,
            1.2238249778747559,
            1.2122611999511719,
            1.200555443763733,
            1.1850228309631348,
            1.1574609279632568,
            1.1441624164581299,
            1.0996978282928467,
            1.0937800407409668,
            1.091123342514038,
            1.088968276977539,
            1.086917757987976,
            1.085338830947876,
            1.083634614944458
        ],
        "accuracy": [
            0.3634999990463257,
            0.4947158992290497,
            0.5052216053009033,
            0.5144147872924805,
            0.5202613472938538,
            0.5274147987365723,
            0.5381931662559509,
            0.5552840828895569,
            0.5607329607009888,
            0.5805795192718506,
            0.5834829807281494,
            0.5842158794403076,
            0.585562527179718,
            0.5868579745292664,
            0.5868977308273315,
            0.5876931548118591
        ],
        "val_loss": [
            1.3252556324005127,
            1.2534817457199097,
            1.2482060194015503,
            1.2354642152786255,
            1.2207502126693726,
            1.205849289894104,
            1.1696184873580933,
            1.1585791110992432,
            1.141506314277649,
            1.1109360456466675,
            1.1078835725784302,
            1.1088507175445557,
            1.1055432558059692,
            1.1070221662521362,
            1.1042687892913818,
            1.1046510934829712
        ],
        "val_accuracy": [
            0.48309090733528137,
            0.5065000057220459,
            0.49963635206222534,
            0.5069090723991394,
            0.5189999938011169,
            0.5265454649925232,
            0.5498636364936829,
            0.553318202495575,
            0.5612727403640747,
            0.5737727284431458,
            0.576090931892395,
            0.5742727518081665,
            0.5774090886116028,
            0.5757727026939392,
            0.5771363377571106,
            0.5768181681632996
        ],
        "lr": [
            0.0010000000474974513,
            0.0010000000474974513,
            0.0010000000474974513,
            0.0010000000474974513,
            0.0010000000474974513,
            0.0010000000474974513,
            0.0010000000474974513,
            0.0010000000474974513,
            0.0010000000474974513,
            9.999999747378752e-05,
            9.999999747378752e-05,
            9.999999747378752e-05,
            9.999999747378752e-05,
            9.999999747378752e-05,
            9.999999747378752e-05,
            9.999999747378752e-05
        ]
    },
    "cm_val": [
        [
            1033,
            23,
            54,
            2,
            493,
            49,
            11,
            16,
            28,
            44,
            268
        ],
        [
            18,
            1171,
            15,
            1,
            3,
            13,
            10,
            18,
            96,
            8,
            617
        ],
        [
            11,
            16,
            1244,
            3,
            5,
            16,
            41,
            31,
            9,
            12,
            599
        ],
        [
            2,
            6,
            9,
            490,
            0,
            8,
            58,
            990,
            4,
            1,
            442
        ],
        [
            844,
            25,
            51,
            1,
            560,
            50,
            13,
            17,
            20,
            50,
            428
        ],
        [
            54,
            29,
            50,
            7,
            43,
            1035,
            18,
            24,
            12,
            134,
            614
        ],
        [
            1,
            8,
            30,
            23,
            0,
            8,
            1322,
            41,
            7,
            2,
            568
        ],
        [
            0,
            0,
            5,
            54,
            0,
            2,
            39,
            1496,
            3,
            1,
            424
        ],
        [
            11,
            54,
            8,
            1,
            2,
            4,
            15,
            16,
            1383,
            6,
            471
        ],
        [
            46,
            26,
            54,
            4,
            20,
            64,
            19,
            19,
            15,
            1104,
            572
        ],
        [
            6,
            10,
            9,
            0,
            5,
            5,
            20,
            64,
            9,
            5,
            1852
        ]
    ],
    "cls_to_acc_val": {
        "Overall": 0.5768181818181818,
        "QAM64": 0.5111331024245424,
        "BPSK": 0.5944162436548224,
        "CPFSK": 0.6260694514343231,
        "WBFM": 0.24378109452736318,
        "QAM16": 0.2719766877124818,
        "8PSK": 0.5123762376237624,
        "GFSK": 0.6577114427860696,
        "AM-DSB": 0.7391304347826086,
        "PAM4": 0.7016742770167428,
        "QPSK": 0.5681935151827071,
        "AM-SSB": 0.9329974811083124
    },
    "snr_to_acc_val": {
        "-20": 0.08763837638376384,
        "-18": 0.09398496240601503,
        "-16": 0.0855379188712522,
        "-14": 0.15054744525547445,
        "-12": 0.14467697907188354,
        "-10": 0.23411978221415608,
        "-8": 0.3709677419354839,
        "-6": 0.5555555555555556,
        "-4": 0.6527390900649953,
        "-2": 0.752414398595259,
        "0": 0.8116343490304709,
        "2": 0.8292011019283747,
        "4": 0.8442906574394463,
        "6": 0.8465753424657534,
        "8": 0.8471337579617835,
        "10": 0.8320278503046127,
        "12": 0.8499542543458372,
        "14": 0.844632768361582,
        "16": 0.8345864661654135,
        "18": 0.8519503546099291
    },