{
    "model_configuration": {
        "cnn": {
            "output_channels": [
                128
            ],
            "kernel_sizes": [
                9
            ],
            "paddings": [
                "same"
            ]
        },
        "encoder": {
            "h": 4,
            "d_k": 32,
            "d_v": 32,
            "d_model": 128,
            "d_ff": 128,
            "n": 4
        },
        "dense": {
            "sizes": [
                128
            ]
        },
        "avg_pool": 32,
        "description": "d_model=128"
    },
    "train_history": {
        "loss": [
            1.8053643703460693,
            1.3464746475219727,
            1.2752670049667358,
            1.210646390914917,
            1.1794331073760986,
            1.1601178646087646,
            1.1505205631256104,
            1.1426199674606323,
            1.1365296840667725,
            1.131852149963379,
            1.1207736730575562,
            1.1167367696762085,
            1.110547661781311,
            1.1069997549057007,
            1.1031328439712524,
            1.1020678281784058,
            1.0964667797088623,
            1.094499945640564,
            1.0914968252182007,
            1.0897520780563354,
            1.0872496366500854,
            1.0831005573272705,
            1.0807348489761353,
            1.0798470973968506,
            1.0766998529434204,
            1.0746773481369019,
            1.0734078884124756,
            1.0699938535690308,
            1.0685210227966309,
            1.065002679824829,
            1.0643192529678345,
            1.0609204769134521,
            1.059858798980713,
            1.0588085651397705,
            1.0558669567108154,
            1.0529022216796875,
            1.0536189079284668,
            1.0499464273452759,
            1.0482356548309326,
            1.0478630065917969
        ],
        "accuracy": [
            0.31568750739097595,
            0.4846193194389343,
            0.513715922832489,
            0.5386250019073486,
            0.5540454387664795,
            0.5649829506874084,
            0.5700284242630005,
            0.5742499828338623,
            0.5765568017959595,
            0.5804261565208435,
            0.5849716067314148,
            0.5875284075737,
            0.5902613401412964,
            0.5920283794403076,
            0.5944204330444336,
            0.5946931838989258,
            0.5964317917823792,
            0.5971988439559937,
            0.5997897982597351,
            0.6003409028053284,
            0.6016420722007751,
            0.6032386422157288,
            0.6038807034492493,
            0.6051818132400513,
            0.6059033870697021,
            0.6051704287528992,
            0.6084374785423279,
            0.6088806986808777,
            0.6097840666770935,
            0.6114261150360107,
            0.6113636493682861,
            0.6130738854408264,
            0.6134886145591736,
            0.6141761541366577,
            0.6154375076293945,
            0.6164602041244507,
            0.616454541683197,
            0.6170113682746887,
            0.6181591153144836,
            0.6190738677978516
        ],
        "val_loss": [
            1.3639278411865234,
            1.3292219638824463,
            1.2392939329147339,
            1.1748838424682617,
            1.1625239849090576,
            1.1711065769195557,
            1.1413216590881348,
            1.1330958604812622,
            1.1344553232192993,
            1.1456031799316406,
            1.126800298690796,
            1.1464296579360962,
            1.1047840118408203,
            1.114871859550476,
            1.125852346420288,
            1.09461510181427,
            1.0964404344558716,
            1.111686110496521,
            1.097245454788208,
            1.0888633728027344,
            1.1019556522369385,
            1.1074140071868896,
            1.1002899408340454,
            1.0904821157455444,
            1.0880564451217651,
            1.1021000146865845,
            1.1530264616012573,
            1.0955798625946045,
            1.0856926441192627,
            1.0830893516540527,
            1.091939926147461,
            1.0833841562271118,
            1.0943964719772339,
            1.0831763744354248,
            1.0767768621444702,
            1.0795440673828125,
            1.0912033319473267,
            1.1009598970413208,
            1.071815848350525,
            1.0753822326660156
        ],
        "val_accuracy": [
            0.47377273440361023,
            0.49745455384254456,
            0.5318636298179626,
            0.5527272820472717,
            0.566318154335022,
            0.5620909333229065,
            0.5730909109115601,
            0.5821818113327026,
            0.5750454664230347,
            0.5720909237861633,
            0.5845909118652344,
            0.5788182020187378,
            0.593999981880188,
            0.5891818404197693,
            0.5827727317810059,
            0.5994091033935547,
            0.5972272753715515,
            0.5937272906303406,
            0.5979545712471008,
            0.6026363372802734,
            0.5973636507987976,
            0.5925454497337341,
            0.5981818437576294,
            0.6014999747276306,
            0.6011818051338196,
            0.6000454425811768,
            0.5718181729316711,
            0.5993636250495911,
            0.6052727103233337,
            0.605863630771637,
            0.6014090776443481,
            0.6022272706031799,
            0.6033636331558228,
            0.6025000214576721,
            0.6083182096481323,
            0.606181800365448,
            0.6026818156242371,
            0.5995908975601196,
            0.6115909218788147,
            0.6096363663673401
        ]
    },