{
    "model_configuration": {
        "cnn": {
            "output_channels": [
                32,
                48,
                64,
                96,
                128,
                192,
                256,
                512
            ],
            "kernel_sizes": [
                8,
                8,
                8,
                8,
                8,
                8,
                8,
                8
            ],
            "paddings": [
                "same",
                "same",
                "same",
                "same",
                "same",
                "same",
                "same",
                "same"
            ],
            "max_pool_sizes": [
                1,
                1,
                2,
                1,
                2,
                1,
                2,
                1
            ]
        },
        "dense": {
            "sizes": []
        },
        "avg_pool": 16
    },
    "train_history": {
        "loss": [
            1.8104130029678345,
            1.3238601684570312,
            1.2235748767852783,
            1.1895819902420044,
            1.1588284969329834,
            1.1373783349990845,
            1.1262441873550415,
            1.1156002283096313,
            1.1105924844741821,
            1.0753540992736816,
            1.0713772773742676,
            1.069017767906189,
            1.0673078298568726,
            1.0653307437896729,
            1.0636173486709595,
            1.062120795249939
        ],
        "accuracy": [
            0.3148011267185211,
            0.48860228061676025,
            0.5245795249938965,
            0.540846586227417,
            0.5566874742507935,
            0.5668579339981079,
            0.5713409185409546,
            0.5763124823570251,
            0.578499972820282,
            0.5960909128189087,
            0.5974829792976379,
            0.5994829535484314,
            0.6001306772232056,
            0.6013181805610657,
            0.6024431586265564,
            0.6030454635620117
        ],
        "val_loss": [
            1.511683464050293,
            1.2355194091796875,
            1.212504267692566,
            1.174606442451477,
            1.1322921514511108,
            1.1372953653335571,
            1.1382426023483276,
            1.126503586769104,
            1.1182349920272827,
            1.0973573923110962,
            1.0979877710342407,
            1.0956045389175415,
            1.0963599681854248,
            1.0951850414276123,
            1.0969781875610352,
            1.0943790674209595
        ],
        "val_accuracy": [
            0.4266818165779114,
            0.5203182101249695,
            0.5362727046012878,
            0.5508182048797607,
            0.5676363706588745,
            0.5693636536598206,
            0.5680909156799316,
            0.5722272992134094,
            0.5742272734642029,
            0.5855908989906311,
            0.5855454802513123,
            0.5877727270126343,
            0.5869545340538025,
            0.5874090790748596,
            0.5864999890327454,
            0.5877272486686707
        ],
        "lr": [
            0.0005000000237487257,
            0.0005000000237487257,
            0.0005000000237487257,
            0.0005000000237487257,
            0.0005000000237487257,
            0.0005000000237487257,
            0.0005000000237487257,
            0.0005000000237487257,
            0.0005000000237487257,
            4.999999873689376e-05,
            4.999999873689376e-05,
            4.999999873689376e-05,
            4.999999873689376e-05,
            4.999999873689376e-05,
            4.999999873689376e-05,
            4.999999873689376e-05
        ]
    },
    "cm_val": [
        [
            1115,
            25,
            41,
            1,
            427,
            41,
            13,
            11,
            27,
            52,
            268
        ],
        [
            16,
            1159,
            23,
            1,
            10,
            14,
            14,
            19,
            87,
            21,
            606
        ],
        [
            8,
            8,
            1255,
            5,
            6,
            9,
            42,
            26,
            14,
            17,
            597
        ],
        [
            2,
            0,
            10,
            566,
            1,
            3,
            51,
            917,
            5,
            4,
            451
        ],
        [
            786,
            16,
            58,
            2,
            632,
            54,
            17,
            11,
            24,
            46,
            413
        ],
        [
            30,
            22,
            51,
            6,
            33,
            1081,
            18,
            19,
            21,
            125,
            614
        ],
        [
            2,
            5,
            34,
            31,
            4,
            3,
            1319,
            39,
            9,
            7,
            557
        ],
        [
            0,
            2,
            10,
            75,
            2,
            2,
            39,
            1453,
            1,
            3,
            437
        ],
        [
            16,
            45,
            13,
            0,
            6,
            2,
            21,
            9,
            1382,
            9,
            468
        ],
        [
            31,
            24,
            53,
            1,
            26,
            65,
            25,
            19,
            13,
            1117,
            569
        ],
        [
            3,
            7,
            20,
            4,
            1,
            6,
            20,
            43,
            16,
            15,
            1850
        ]
    ],
    "cls_to_acc_val": {
        "Overall": 0.5876818181818182,
        "QAM64": 0.5517070757050965,
        "BPSK": 0.5883248730964467,
        "CPFSK": 0.6316054353296426,
        "WBFM": 0.281592039800995,
        "QAM16": 0.30694511898980087,
        "8PSK": 0.5351485148514852,
        "GFSK": 0.6562189054726368,
        "AM-DSB": 0.7178853754940712,
        "PAM4": 0.7011669203450025,
        "QPSK": 0.5748841996911992,
        "AM-SSB": 0.9319899244332494
    },
    "snr_to_acc_val": {
        "-20": 0.0940959409594096,
        "-18": 0.09304511278195489,
        "-16": 0.08641975308641975,
        "-14": 0.14051094890510948,
        "-12": 0.14740673339399454,
        "-10": 0.24773139745916514,
        "-8": 0.3870967741935484,
        "-6": 0.5490196078431373,
        "-4": 0.6833797585886723,
        "-2": 0.7647058823529411,
        "0": 0.817174515235457,
        "2": 0.8484848484848485,
        "4": 0.8685121107266436,
        "6": 0.8648401826484018,
        "8": 0.8598726114649682,
        "10": 0.8442123585726719,
        "12": 0.868252516010979,
        "14": 0.8540489642184558,
        "16": 0.8637218045112782,
        "18": 0.8546099290780141
    },