{
    "model_configuration": {
        "cnn": {
            "output_channels": [
                256
            ],
            "kernel_sizes": [
                9
            ],
            "paddings": [
                "same"
            ]
        },
        "encoder": {
            "h": 4,
            "d_k": 32,
            "d_v": 32,
            "d_model": 256,
            "d_ff": 128,
            "n": 4
        },
        "dense": {
            "sizes": [
                128
            ]
        },
        "avg_pool": 32,
        "description": "d_model=256"
    },
    "train_history": {
        "loss": [
            1.6505448818206787,
            1.2982300519943237,
            1.2438445091247559,
            1.214903712272644,
            1.187805414199829,
            1.1650222539901733,
            1.1471283435821533,
            1.1352431774139404,
            1.1239174604415894,
            1.1185153722763062,
            1.1112618446350098,
            1.1059738397598267,
            1.0996359586715698,
            1.096821904182434,
            1.092637538909912,
            1.0883482694625854,
            1.0852386951446533,
            1.080513834953308,
            1.0784856081008911,
            1.0764286518096924,
            1.0725122690200806,
            1.06930673122406,
            1.0660934448242188,
            1.0634528398513794,
            1.061360478401184,
            1.0582692623138428,
            1.056267261505127,
            1.0538804531097412,
            1.0505173206329346,
            1.0472382307052612,
            1.0442657470703125,
            1.0416191816329956,
            1.0400478839874268,
            1.0359952449798584,
            1.034624695777893,
            1.03335702419281,
            1.0288543701171875,
            1.0261527299880981,
            1.0245749950408936,
            1.0215675830841064
        ],
        "accuracy": [
            0.37183523178100586,
            0.5042158961296082,
            0.5269261598587036,
            0.5401250123977661,
            0.5525113344192505,
            0.5616306662559509,
            0.571806788444519,
            0.5780397653579712,
            0.5829545259475708,
            0.5871590971946716,
            0.589323878288269,
            0.5920454263687134,
            0.5945454835891724,
            0.5964317917823792,
            0.59811931848526,
            0.5999943017959595,
            0.6014716029167175,
            0.6034659147262573,
            0.604948878288269,
            0.6061420440673828,
            0.6075454354286194,
            0.6080397963523865,
            0.6097613573074341,
            0.6099545359611511,
            0.6122897863388062,
            0.6125965714454651,
            0.6143806576728821,
            0.6154772639274597,
            0.6169545650482178,
            0.6184488534927368,
            0.6193011403083801,
            0.6207215785980225,
            0.6212670207023621,
            0.6234204769134521,
            0.6248011589050293,
            0.6242329478263855,
            0.626602292060852,
            0.6276363730430603,
            0.6282215714454651,
            0.6295909285545349
        ],
        "val_loss": [
            1.3306814432144165,
            1.253998041152954,
            1.2371054887771606,
            1.2011960744857788,
            1.1734795570373535,
            1.144473671913147,
            1.1465200185775757,
            1.1555066108703613,
            1.1467039585113525,
            1.1267470121383667,
            1.125257134437561,
            1.1147611141204834,
            1.1086413860321045,
            1.1024161577224731,
            1.1220301389694214,
            1.0909252166748047,
            1.087886095046997,
            1.0892224311828613,
            1.1090362071990967,
            1.097305178642273,
            1.103243350982666,
            1.0865375995635986,
            1.0996317863464355,
            1.0928459167480469,
            1.085915207862854,
            1.0880402326583862,
            1.1048338413238525,
            1.0938879251480103,
            1.102086067199707,
            1.0824332237243652,
            1.0915212631225586,
            1.0919867753982544,
            1.0858978033065796,
            1.0950500965118408,
            1.0813664197921753,
            1.0955109596252441,
            1.0819751024246216,
            1.0864214897155762,
            1.0788390636444092,
            1.088167667388916
        ],
        "val_accuracy": [
            0.48899999260902405,
            0.5195000171661377,
            0.5314090847969055,
            0.545272707939148,
            0.560590922832489,
            0.5745454430580139,
            0.571045458316803,
            0.568045437335968,
            0.5770000219345093,
            0.5845454335212708,
            0.5831817984580994,
            0.5895909070968628,
            0.5912272930145264,
            0.5951818227767944,
            0.5846818089485168,
            0.5989090800285339,
            0.6031363606452942,
            0.6031363606452942,
            0.5949090719223022,
            0.5969091057777405,
            0.5983181595802307,
            0.602363646030426,
            0.6005908846855164,
            0.6000000238418579,
            0.6062272787094116,
            0.6058181524276733,
            0.5956818461418152,
            0.6022272706031799,
            0.6010909080505371,
            0.6069545745849609,
            0.603954553604126,
            0.602863609790802,
            0.6062272787094116,
            0.6041363477706909,
            0.6089545488357544,
            0.6007272601127625,
            0.6075000166893005,
            0.609499990940094,
            0.610590934753418,
            0.6084091067314148
        ]
    },