{
    "model_configuration": {
        "cnn": {
            "output_channels": [
                32,
                48,
                64,
                96,
                128,
                192
            ],
            "kernel_sizes": [
                3,
                3,
                3,
                3,
                3,
                3
            ],
            "paddings": [
                "same",
                "same",
                "same",
                "same",
                "same",
                "same"
            ],
            "max_pool_sizes": [
                1,
                1,
                2,
                1,
                2,
                1
            ]
        },
        "dense": {
            "sizes": []
        },
        "avg_pool": 32
    },
    "train_history": {
        "loss": [
            1.9434590339660645,
            1.657140851020813,
            1.5685025453567505,
            1.5136972665786743,
            1.35953950881958,
            1.3007954359054565,
            1.2746918201446533,
            1.2542835474014282,
            1.2397137880325317,
            1.2096834182739258,
            1.2073371410369873,
            1.2055606842041016,
            1.204003930091858,
            1.2027544975280762,
            1.2012505531311035,
            1.199960470199585
        ],
        "accuracy": [
            0.28624433279037476,
            0.3904545307159424,
            0.41992613673210144,
            0.44234660267829895,
            0.49130114912986755,
            0.5132727026939392,
            0.5233011245727539,
            0.5326420664787292,
            0.5376136302947998,
            0.554397702217102,
            0.5545966029167175,
            0.556403398513794,
            0.5566818118095398,
            0.5575624704360962,
            0.5578295588493347,
            0.557454526424408
        ],
        "val_loss": [
            1.7074201107025146,
            1.6079663038253784,
            1.5225083827972412,
            1.4344209432601929,
            1.3158506155014038,
            1.274359941482544,
            1.2558329105377197,
            1.2405714988708496,
            1.2453548908233643,
            1.210456132888794,
            1.210984468460083,
            1.2070013284683228,
            1.2055429220199585,
            1.2031346559524536,
            1.2078847885131836,
            1.2043038606643677
        ],
        "val_accuracy": [
            0.3677727282047272,
            0.40450000762939453,
            0.4269999861717224,
            0.4724545478820801,
            0.4983636438846588,
            0.5289545655250549,
            0.531181812286377,
            0.5399545431137085,
            0.5330908894538879,
            0.5513181686401367,
            0.5529999732971191,
            0.5540000200271606,
            0.5524545311927795,
            0.5560908913612366,
            0.5499091148376465,
            0.5527727007865906
        ],
        "lr": [
            0.0010000000474974513,
            0.0010000000474974513,
            0.0010000000474974513,
            0.0010000000474974513,
            0.0010000000474974513,
            0.0010000000474974513,
            0.0010000000474974513,
            0.0010000000474974513,
            0.0010000000474974513,
            9.999999747378752e-05,
            9.999999747378752e-05,
            9.999999747378752e-05,
            9.999999747378752e-05,
            9.999999747378752e-05,
            9.999999747378752e-05,
            9.999999747378752e-05
        ]
    },
    "cm_val": [
        [
            975,
            25,
            57,
            33,
            31,
            59,
            30,
            562,
            162,
            43,
            43
        ],
        [
            92,
            525,
            66,
            23,
            23,
            47,
            24,
            379,
            65,
            775,
            40
        ],
        [
            20,
            11,
            1139,
            23,
            22,
            31,
            28,
            562,
            22,
            4,
            108
        ],
        [
            9,
            3,
            11,
            571,
            106,
            12,
            877,
            402,
            5,
            0,
            14
        ],
        [
            7,
            3,
            27,
            123,
            1195,
            42,
            51,
            531,
            5,
            3,
            23
        ],
        [
            21,
            10,
            28,
            43,
            45,
            1211,
            26,
            538,
            27,
            8,
            30
        ],
        [
            2,
            2,
            17,
            261,
            30,
            15,
            1292,
            390,
            4,
            1,
            10
        ],
        [
            14,
            1,
            39,
            50,
            21,
            26,
            46,
            1737,
            15,
            0,
            36
        ],
        [
            84,
            22,
            52,
            19,
            25,
            79,
            28,
            532,
            1037,
            25,
            40
        ],
        [
            81,
            322,
            39,
            17,
            23,
            47,
            13,
            235,
            54,
            1128,
            62
        ],
        [
            11,
            14,
            83,
            18,
            16,
            21,
            15,
            416,
            17,
            8,
            1352
        ]
    ],
    "cls_to_acc_val": {
        "Overall": 0.5528181818181818,
        "8PSK": 0.48267326732673266,
        "QAM16": 0.25497814473045166,
        "BPSK": 0.5781725888324873,
        "WBFM": 0.2840796019900497,
        "GFSK": 0.5945273631840796,
        "CPFSK": 0.6094614997483644,
        "AM-DSB": 0.6383399209486166,
        "AM-SSB": 0.8750629722921914,
        "QPSK": 0.5337107565620175,
        "QAM64": 0.5581395348837209,
        "PAM4": 0.6859462201927955
    },
    "snr_to_acc_val": {
        "-20": 0.0959409594095941,
        "-18": 0.08740601503759399,
        "-16": 0.08289241622574955,
        "-14": 0.12956204379562045,
        "-12": 0.13102820746132848,
        "-10": 0.24773139745916514,
        "-8": 0.33154121863799285,
        "-6": 0.42483660130718953,
        "-4": 0.5608170844939647,
        "-2": 0.6874451273046532,
        "0": 0.7719298245614035,
        "2": 0.8209366391184573,
        "4": 0.8192041522491349,
        "6": 0.8319634703196347,
        "8": 0.8334849863512284,
        "10": 0.8302872062663186,
        "12": 0.8362305580969808,
        "14": 0.8295668549905838,
        "16": 0.8533834586466166,
        "18": 0.8324468085106383
    },