{
    "model_configuration": {
        "cnn": {
            "output_channels": [
                32
            ],
            "kernel_sizes": [
                17
            ],
            "paddings": [
                "same"
            ]
        },
        "encoder": {
            "h": 4,
            "d_k": 32,
            "d_v": 32,
            "d_model": 32,
            "d_ff": 128,
            "n": 4
        },
        "dense": {
            "sizes": [
                128
            ]
        },
        "avg_pool": 32,
        "description": "k=17"
    },
    "train_history": {
        "loss": [
            1.7250348329544067,
            1.293806791305542,
            1.238191843032837,
            1.2053452730178833,
            1.1799017190933228,
            1.1595088243484497,
            1.1498504877090454,
            1.1402589082717896,
            1.1318167448043823,
            1.1265367269515991,
            1.1220403909683228,
            1.1140674352645874,
            1.1118738651275635,
            1.1065975427627563,
            1.102616548538208,
            1.0978379249572754,
            1.0941921472549438,
            1.0910017490386963,
            1.0867096185684204,
            1.086532711982727,
            1.0819542407989502,
            1.079872727394104,
            1.0742484331130981,
            1.0735230445861816,
            1.0712066888809204,
            1.0690993070602417,
            1.068368911743164,
            1.0652358531951904,
            1.0642496347427368,
            1.0602425336837769,
            1.0591297149658203,
            1.0574023723602295,
            1.0565329790115356,
            1.0533256530761719,
            1.0525062084197998,
            1.0512449741363525,
            1.0495368242263794,
            1.0480515956878662,
            1.0475825071334839,
            1.046345829963684
        ],
        "accuracy": [
            0.34625568985939026,
            0.49347159266471863,
            0.518528401851654,
            0.5357216000556946,
            0.5476704835891724,
            0.5555227398872375,
            0.55998295545578,
            0.5643466114997864,
            0.5681420564651489,
            0.5696647763252258,
            0.5740511417388916,
            0.5785454511642456,
            0.5799431800842285,
            0.5847670435905457,
            0.587403416633606,
            0.590238630771637,
            0.5920000076293945,
            0.5935056805610657,
            0.5961193442344666,
            0.5969204306602478,
            0.598920464515686,
            0.6003749966621399,
            0.6038011312484741,
            0.6053579449653625,
            0.6055511236190796,
            0.6071193218231201,
            0.6076988577842712,
            0.6092670559883118,
            0.6094090938568115,
            0.6115113496780396,
            0.6119204759597778,
            0.6125227212905884,
            0.6134772896766663,
            0.614062488079071,
            0.6154999732971191,
            0.6159318089485168,
            0.616812527179718,
            0.617670476436615,
            0.6167272925376892,
            0.6184772849082947
        ],
        "val_loss": [
            1.3459426164627075,
            1.261834979057312,
            1.2247918844223022,
            1.1916158199310303,
            1.166985273361206,
            1.1621466875076294,
            1.147239327430725,
            1.144058108329773,
            1.1273138523101807,
            1.12969172000885,
            1.1311969757080078,
            1.1365689039230347,
            1.110337734222412,
            1.1255486011505127,
            1.1083911657333374,
            1.099343180656433,
            1.09408700466156,
            1.1071029901504517,
            1.0901422500610352,
            1.0898938179016113,
            1.1158612966537476,
            1.1067842245101929,
            1.0913915634155273,
            1.0832833051681519,
            1.0839967727661133,
            1.091760277748108,
            1.111375331878662,
            1.1054247617721558,
            1.0766927003860474,
            1.0791549682617188,
            1.0849210023880005,
            1.0729175806045532,
            1.0794214010238647,
            1.0757449865341187,
            1.069493293762207,
            1.0805439949035645,
            1.078113317489624,
            1.0737950801849365,
            1.069582462310791,
            1.0789949893951416
        ],
        "val_accuracy": [
            0.46727272868156433,
            0.5113636255264282,
            0.5284090638160706,
            0.5430908799171448,
            0.5537272691726685,
            0.5554999709129333,
            0.5570454597473145,
            0.564727246761322,
            0.5682727098464966,
            0.566318154335022,
            0.572954535484314,
            0.568818211555481,
            0.5813636183738708,
            0.580227255821228,
            0.5851818323135376,
            0.5925454497337341,
            0.5920000076293945,
            0.5904545187950134,
            0.5979545712471008,
            0.6001363396644592,
            0.58845454454422,
            0.5914999842643738,
            0.6018636226654053,
            0.6035000085830688,
            0.6045454740524292,
            0.6019999980926514,
            0.5904545187950134,
            0.5958636403083801,
            0.6053636074066162,
            0.6054999828338623,
            0.6016818284988403,
            0.6057272553443909,
            0.6077272891998291,
            0.6068636178970337,
            0.6080454587936401,
            0.6054090857505798,
            0.6093636155128479,
            0.6096818447113037,
            0.612636387348175,
            0.6092272996902466
        ]
    },
    "cm_val": [
        [
            1449,
            2,
            36,
            0,
            6,
            54,
            7,
            3,
            7,
            2,
            458
        ],
        [
            5,
            1092,
            22,
            11,
            507,
            2,
            22,
            68,
            30,
            12,
            250
        ],
        [
            24,
            9,
            1342,
            4,
            15,
            35,
            14,
            9,
            30,
            7,
            521
        ],
        [
            8,
            46,
            52,
            1063,
            65,
            3,
            19,
            117,
            22,
            15,
            533
        ],
        [
            5,
            295,
            24,
            17,
            1162,
            2,
            26,
            83,
            41,
            12,
            392
        ],
        [
            913,
            5,
            78,
            6,
            6,
            519,
            8,
            5,
            7,
            5,
            458
        ],
        [
            7,
            9,
            23,
            5,
            13,
            1,
            1428,
            11,
            6,
            31,
            437
        ],
        [
            12,
            63,
            40,
            17,
            88,
            3,
            26,
            1144,
            34,
            8,
            585
        ],
        [
            13,
            15,
            62,
            6,
            30,
            2,
            21,
            36,
            1221,
            6,
            575
        ],
        [
            6,
            16,
            33,
            5,
            23,
            4,
            144,
            15,
            11,
            1132,
            581
        ],
        [
            8,
            4,
            53,
            6,
            23,
            4,
            30,
            9,
            8,
            13,
            1827
        ]
    ],