{
    "model_configuration": {
        "cnn": {
            "output_channels": [
                16,
                16,
                32,
                32,
                64,
                64
            ],
            "kernel_sizes": [
                8,
                8,
                8,
                8,
                8,
                8
            ],
            "paddings": [
                "same",
                "same",
                "same",
                "same",
                "same",
                "same"
            ],
            "max_pool_sizes": [
                1,
                1,
                2,
                1,
                2,
                1
            ]
        },
        "dense": {
            "sizes": []
        },
        "avg_pool": 32
    },
    "train_history": {
        "loss": [
            1.884258508682251,
            1.576009750366211,
            1.45974600315094,
            1.3588628768920898,
            1.2999799251556396,
            1.267411708831787,
            1.2497246265411377,
            1.2297033071517944,
            1.2168197631835938,
            1.1830368041992188,
            1.179863452911377,
            1.1776589155197144,
            1.1756260395050049,
            1.1738920211791992,
            1.171714186668396,
            1.1701592206954956
        ],
        "accuracy": [
            0.29461362957954407,
            0.41398295760154724,
            0.4494204521179199,
            0.4768636226654053,
            0.49702271819114685,
            0.5099716186523438,
            0.5175057053565979,
            0.528056800365448,
            0.5330795645713806,
            0.5516818165779114,
            0.552045464515686,
            0.5539318323135376,
            0.554369330406189,
            0.5555056929588318,
            0.5561022758483887,
            0.5564261078834534
        ],
        "val_loss": [
            1.6471939086914062,
            1.5357450246810913,
            1.419700026512146,
            1.3203563690185547,
            1.2845312356948853,
            1.2573175430297852,
            1.2437728643417358,
            1.2232097387313843,
            1.2056702375411987,
            1.1887805461883545,
            1.1867648363113403,
            1.184432029724121,
            1.1827863454818726,
            1.1809699535369873,
            1.1816706657409668,
            1.1797233819961548
        ],
        "val_accuracy": [
            0.3941818177700043,
            0.42086362838745117,
            0.4607272744178772,
            0.48899999260902405,
            0.49690908193588257,
            0.5187727212905884,
            0.5181818008422852,
            0.531318187713623,
            0.5410454273223877,
            0.5479999780654907,
            0.5486363768577576,
            0.5491363406181335,
            0.5525000095367432,
            0.5507272481918335,
            0.55031818151474,
            0.551727294921875
        ],
        "lr": [
            0.0010000000474974513,
            0.0010000000474974513,
            0.0010000000474974513,
            0.0010000000474974513,
            0.0010000000474974513,
            0.0010000000474974513,
            0.0010000000474974513,
            0.0010000000474974513,
            0.0010000000474974513,
            9.999999747378752e-05,
            9.999999747378752e-05,
            9.999999747378752e-05,
            9.999999747378752e-05,
            9.999999747378752e-05,
            9.999999747378752e-05,
            9.999999747378752e-05
        ]
    },
    "cm_val": [
        [
            1166,
            42,
            42,
            9,
            310,
            69,
            24,
            14,
            55,
            56,
            234
        ],
        [
            2,
            1176,
            30,
            14,
            14,
            19,
            24,
            27,
            88,
            14,
            562
        ],
        [
            11,
            18,
            1247,
            17,
            5,
            17,
            51,
            34,
            21,
            10,
            556
        ],
        [
            0,
            10,
            18,
            585,
            1,
            4,
            58,
            905,
            12,
            5,
            412
        ],
        [
            970,
            41,
            60,
            11,
            378,
            81,
            17,
            17,
            40,
            52,
            392
        ],
        [
            36,
            49,
            61,
            12,
            27,
            872,
            22,
            34,
            37,
            301,
            569
        ],
        [
            0,
            14,
            37,
            91,
            3,
            10,
            1261,
            54,
            18,
            3,
            519
        ],
        [
            0,
            8,
            14,
            205,
            2,
            4,
            50,
            1343,
            8,
            4,
            386
        ],
        [
            3,
            99,
            24,
            9,
            9,
            10,
            16,
            18,
            1346,
            9,
            428
        ],
        [
            30,
            55,
            64,
            10,
            19,
            158,
            27,
            29,
            34,
            993,
            524
        ],
        [
            0,
            31,
            30,
            23,
            2,
            10,
            27,
            63,
            24,
            8,
            1767
        ]
    ],
    "cls_to_acc_val": {
        "Overall": 0.5515454545454546,
        "QAM64": 0.5769421078673924,
        "BPSK": 0.5969543147208122,
        "CPFSK": 0.6275792652239557,
        "WBFM": 0.291044776119403,
        "QAM16": 0.18358426420592522,
        "8PSK": 0.4316831683168317,
        "GFSK": 0.627363184079602,
        "AM-DSB": 0.6635375494071146,
        "PAM4": 0.6829020801623541,
        "QPSK": 0.5110653628409676,
        "AM-SSB": 0.890176322418136
    },
    "snr_to_acc_val": {
        "-20": 0.09317343173431734,
        "-18": 0.08928571428571429,
        "-16": 0.0873015873015873,
        "-14": 0.13503649635036497,
        "-12": 0.1437670609645132,
        "-10": 0.24682395644283123,
        "-8": 0.3844086021505376,
        "-6": 0.4957983193277311,
        "-4": 0.6258124419684308,
        "-2": 0.6988586479367866,
        "0": 0.7562326869806094,
        "2": 0.7869605142332415,
        "4": 0.8079584775086506,
        "6": 0.8,
        "8": 0.8116469517743403,
        "10": 0.8093994778067886,
        "12": 0.797804208600183,
        "14": 0.8173258003766478,
        "16": 0.8110902255639098,
        "18": 0.8156028368794326
    },