{
    "model_configuration": {
        "cnn": {
            "output_channels": [
                32
            ],
            "kernel_sizes": [
                9
            ],
            "paddings": [
                "same"
            ]
        },
        "encoder": {
            "h": 4,
            "d_k": 32,
            "d_v": 32,
            "d_model": 32,
            "d_ff": 128,
            "n": 2
        },
        "dense": {
            "sizes": [
                128
            ]
        },
        "avg_pool": 32,
        "description": "encoder n=2"
    },
    "train_history": {
        "loss": [
            1.7241688966751099,
            1.313006043434143,
            1.254530906677246,
            1.2132275104522705,
            1.186572790145874,
            1.168905258178711,
            1.1590595245361328,
            1.1500422954559326,
            1.1437238454818726,
            1.1400179862976074,
            1.132013201713562,
            1.1259140968322754,
            1.1224558353424072,
            1.116028904914856,
            1.1120753288269043,
            1.1098229885101318,
            1.106268286705017,
            1.1033879518508911,
            1.0990793704986572,
            1.0975590944290161,
            1.0952486991882324,
            1.0918089151382446,
            1.089927077293396,
            1.089343786239624,
            1.087007761001587,
            1.0850708484649658,
            1.084546685218811,
            1.0814242362976074,
            1.0800963640213013,
            1.076390266418457,
            1.0746923685073853,
            1.073903203010559,
            1.0726382732391357,
            1.0708763599395752,
            1.0698734521865845,
            1.0694880485534668,
            1.0677540302276611,
            1.0665407180786133,
            1.0650393962860107,
            1.0639253854751587
        ],
        "accuracy": [
            0.3480056822299957,
            0.4884488582611084,
            0.5126193165779114,
            0.5330511331558228,
            0.5440681576728821,
            0.5529261231422424,
            0.5574033856391907,
            0.5600795745849609,
            0.562982976436615,
            0.5659658908843994,
            0.5716988444328308,
            0.5763295292854309,
            0.5773806571960449,
            0.5824999809265137,
            0.5839488506317139,
            0.5859204530715942,
            0.5880966186523438,
            0.5890567898750305,
            0.5912386178970337,
            0.5925454497337341,
            0.5934431552886963,
            0.5960227251052856,
            0.5960965752601624,
            0.5955625176429749,
            0.5979602336883545,
            0.5989488363265991,
            0.5994091033935547,
            0.6000454425811768,
            0.6009091138839722,
            0.6033238768577576,
            0.6043238639831543,
            0.6041591167449951,
            0.6048465967178345,
            0.6054999828338623,
            0.6059147715568542,
            0.605863630771637,
            0.6061931848526001,
            0.607909083366394,
            0.6079716086387634,
            0.6099545359611511
        ],
        "val_loss": [
            1.3542141914367676,
            1.2656502723693848,
            1.2530595064163208,
            1.2024118900299072,
            1.1692789793014526,
            1.1933257579803467,
            1.1610958576202393,
            1.1718347072601318,
            1.1542272567749023,
            1.1443204879760742,
            1.1394844055175781,
            1.1482272148132324,
            1.1172796487808228,
            1.1239631175994873,
            1.142691731452942,
            1.1088289022445679,
            1.123369812965393,
            1.1242566108703613,
            1.1102741956710815,
            1.11278235912323,
            1.1202318668365479,
            1.113839864730835,
            1.1045629978179932,
            1.109089970588684,
            1.1190935373306274,
            1.108532190322876,
            1.1184852123260498,
            1.0954132080078125,
            1.1100947856903076,
            1.0969083309173584,
            1.101468801498413,
            1.0900964736938477,
            1.1038366556167603,
            1.0970942974090576,
            1.097650408744812,
            1.1029279232025146,
            1.1033965349197388,
            1.1014127731323242,
            1.0864742994308472,
            1.0895886421203613
        ],
        "val_accuracy": [
            0.47031816840171814,
            0.5095454454421997,
            0.5160909295082092,
            0.5362727046012878,
            0.5500909090042114,
            0.5443181991577148,
            0.5529090762138367,
            0.5540909171104431,
            0.5597727298736572,
            0.5653181672096252,
            0.5741363763809204,
            0.5664545297622681,
            0.5822272896766663,
            0.5811818242073059,
            0.5715000033378601,
            0.5885000228881836,
            0.5805909037590027,
            0.5834545493125916,
            0.5899090766906738,
            0.58845454454422,
            0.5835000276565552,
            0.587045431137085,
            0.5902727246284485,
            0.5898181796073914,
            0.5893181562423706,
            0.593818187713623,
            0.5879091024398804,
            0.5975909233093262,
            0.5920000076293945,
            0.5958181619644165,
            0.593681812286377,
            0.5970908999443054,
            0.5938636660575867,
            0.5974545478820801,
            0.5965909361839294,
            0.5935454368591309,
            0.5957727432250977,
            0.5949545502662659,
            0.6015909314155579,
            0.6026818156242371
        ]
    },