{
    "model_configuration": {
        "cnn": {
            "output_channels": [
                32
            ],
            "kernel_sizes": [
                3
            ],
            "paddings": [
                "same"
            ]
        },
        "encoder": {
            "h": 4,
            "d_k": 32,
            "d_v": 32,
            "d_model": 32,
            "d_ff": 128,
            "n": 4
        },
        "dense": {
            "sizes": [
                128
            ]
        },
        "avg_pool": 32,
        "description": "k=3"
    },
    "train_history": {
        "loss": [
            1.8040436506271362,
            1.387174129486084,
            1.3370963335037231,
            1.3048185110092163,
            1.2664340734481812,
            1.2334030866622925,
            1.22185480594635,
            1.2085374593734741,
            1.198232650756836,
            1.194280982017517,
            1.1886934041976929,
            1.1830486059188843,
            1.1807664632797241,
            1.1744695901870728,
            1.1727834939956665,
            1.1703130006790161,
            1.168203592300415,
            1.1623824834823608,
            1.1626642942428589,
            1.1604349613189697,
            1.160693883895874,
            1.1541686058044434,
            1.1529781818389893,
            1.1517033576965332,
            1.1477619409561157,
            1.1481341123580933,
            1.1469603776931763,
            1.1435375213623047,
            1.142327904701233,
            1.1380856037139893,
            1.1345573663711548,
            1.1371740102767944,
            1.1368507146835327,
            1.1326029300689697,
            1.1306750774383545,
            1.1296321153640747,
            1.1273481845855713,
            1.1256080865859985,
            1.125808835029602,
            1.1243484020233154
        ],
        "accuracy": [
            0.31222158670425415,
            0.4577272832393646,
            0.48169317841529846,
            0.49874430894851685,
            0.5188124775886536,
            0.5322613716125488,
            0.5379886627197266,
            0.5441533923149109,
            0.547193169593811,
            0.549903392791748,
            0.552971601486206,
            0.5549318194389343,
            0.5562102198600769,
            0.5589601993560791,
            0.5597215890884399,
            0.5618466138839722,
            0.5617329478263855,
            0.5651307106018066,
            0.5642443299293518,
            0.5660511255264282,
            0.5662897825241089,
            0.569454550743103,
            0.5694318413734436,
            0.5705397725105286,
            0.5727670192718506,
            0.5729829668998718,
            0.5736250281333923,
            0.5753181576728821,
            0.576755702495575,
            0.5768068432807922,
            0.5787272453308105,
            0.5791477560997009,
            0.5788124799728394,
            0.5817158818244934,
            0.5820170640945435,
            0.5819772481918335,
            0.583602249622345,
            0.5840340852737427,
            0.584568202495575,
            0.5858011245727539
        ],
        "val_loss": [
            1.4611330032348633,
            1.3252274990081787,
            1.311400055885315,
            1.2737033367156982,
            1.2385666370391846,
            1.2654536962509155,
            1.197487235069275,
            1.1938658952713013,
            1.212194561958313,
            1.2287572622299194,
            1.1981526613235474,
            1.1790049076080322,
            1.1814634799957275,
            1.1713448762893677,
            1.2048513889312744,
            1.1636658906936646,
            1.181552529335022,
            1.1729562282562256,
            1.2082031965255737,
            1.178126573562622,
            1.1720765829086304,
            1.166388988494873,
            1.1622469425201416,
            1.1590338945388794,
            1.1896543502807617,
            1.1609611511230469,
            1.1729326248168945,
            1.1719346046447754,
            1.1586549282073975,
            1.1513022184371948,
            1.1531625986099243,
            1.168470025062561,
            1.1620804071426392,
            1.1479098796844482,
            1.150573968887329,
            1.1491941213607788,
            1.157849907875061,
            1.175954818725586,
            1.151397705078125,
            1.148105502128601
        ],
        "val_accuracy": [
            0.4245454668998718,
            0.4836818277835846,
            0.4797727167606354,
            0.5161363482475281,
            0.5338636636734009,
            0.5260909199714661,
            0.5494999885559082,
            0.5503636598587036,
            0.543181836605072,
            0.5361818075180054,
            0.5507727265357971,
            0.5593636631965637,
            0.5555909276008606,
            0.5604545474052429,
            0.548090934753418,
            0.5674545168876648,
            0.556954562664032,
            0.5633636116981506,
            0.5495908856391907,
            0.5601363778114319,
            0.5636818408966064,
            0.5584090948104858,
            0.568363606929779,
            0.5654090642929077,
            0.5570909380912781,
            0.5697727203369141,
            0.5627272725105286,
            0.5621363520622253,
            0.5734090805053711,
            0.5746363401412964,
            0.5687272548675537,
            0.5601817965507507,
            0.5685908794403076,
            0.5750454664230347,
            0.5719090700149536,
            0.5755000114440918,
            0.5742272734642029,
            0.5617727041244507,
            0.5758636593818665,
            0.5767727494239807
        ]
    },
    "cm_val": [
        [
            976,
            131,
            39,
            18,
            450,
            36,
            11,
            3,
            15,
            373,
            7
        ],
        [
            71,
            1036,
            69,
            45,
            621,
            57,
            21,
            3,
            17,
            57,
            23
        ],
        [
            48,
            85,
            1049,
            34,
            587,
            49,
            18,
            7,
            9,
            46,
            11
        ],
        [
            31,
            66,
            38,
            1065,
            622,
            95,
            17,
            6,
            7,
            23,
            17
        ],
        [
            2,
            8,
            2,
            7,
            1856,
            48,
            12,
            4,
            9,
            11,
            26
        ],
        [
            9,
            10,
            4,
            37,
            561,
            1260,
            4,
            72,
            8,
            10,
            35
        ],
        [
            8,
            7,
            4,
            5,
            481,
            25,
            1346,
            4,
            73,
            7,
            11
        ],
        [
            1,
            5,
            1,
            1,
            465,
            62,
            4,
            552,
            4,
            1,
            914
        ],
        [
            11,
            11,
            9,
            8,
            609,
            42,
            112,
            2,
            1141,
            12,
            13
        ],
        [
            544,
            88,
            31,
            17,
            301,
            26,
            22,
            4,
            11,
            968,
            9
        ],
        [
            3,
            1,
            0,
            2,
            441,
            35,
            5,
            75,
            3,
            3,
            1456
        ]
    ],