{
    "model_configuration": {
        "cnn": {
            "output_channels": [
                32,
                32,
                48,
                64,
                64,
                96
            ],
            "kernel_sizes": [
                8,
                8,
                8,
                8,
                8,
                8
            ],
            "paddings": [
                "same",
                "same",
                "same",
                "same",
                "same",
                "same"
            ],
            "max_pool_sizes": [
                1,
                1,
                2,
                1,
                2,
                1
            ]
        },
        "dense": {
            "sizes": []
        },
        "avg_pool": 32
    },
    "train_history": {
        "loss": [
            1.8555328845977783,
            1.5674166679382324,
            1.4688467979431152,
            1.340938687324524,
            1.2683933973312378,
            1.2329716682434082,
            1.2162877321243286,
            1.1970746517181396,
            1.183896780014038,
            1.1488871574401855,
            1.1454733610153198,
            1.14352548122406,
            1.141537070274353,
            1.139620065689087,
            1.1381025314331055,
            1.1364237070083618
        ],
        "accuracy": [
            0.30516478419303894,
            0.41630682349205017,
            0.44968181848526,
            0.48665907979011536,
            0.5120170712471008,
            0.5253693461418152,
            0.5343806743621826,
            0.5432556867599487,
            0.5484829545021057,
            0.5648295283317566,
            0.5663295388221741,
            0.5671477317810059,
            0.5677670240402222,
            0.5691817998886108,
            0.5700397491455078,
            0.5706250071525574
        ],
        "val_loss": [
            1.644849419593811,
            1.5118402242660522,
            1.4018163681030273,
            1.2775639295578003,
            1.244364619255066,
            1.2127116918563843,
            1.2113467454910278,
            1.205200433731079,
            1.172023892402649,
            1.1517235040664673,
            1.1502480506896973,
            1.147406816482544,
            1.1466608047485352,
            1.1448670625686646,
            1.1431949138641357,
            1.14232337474823
        ],
        "val_accuracy": [
            0.38422727584838867,
            0.43731817603111267,
            0.4694545567035675,
            0.5077727437019348,
            0.5174999833106995,
            0.5344545245170593,
            0.5342727303504944,
            0.5418182015419006,
            0.5543181896209717,
            0.5615454316139221,
            0.5612272620201111,
            0.5626363754272461,
            0.5617272853851318,
            0.5634090900421143,
            0.5646818280220032,
            0.5643181800842285
        ],
        "lr": [
            0.0010000000474974513,
            0.0010000000474974513,
            0.0010000000474974513,
            0.0010000000474974513,
            0.0010000000474974513,
            0.0010000000474974513,
            0.0010000000474974513,
            0.0010000000474974513,
            0.0010000000474974513,
            9.999999747378752e-05,
            9.999999747378752e-05,
            9.999999747378752e-05,
            9.999999747378752e-05,
            9.999999747378752e-05,
            9.999999747378752e-05,
            9.999999747378752e-05
        ]
    },
    "cm_val": [
        [
            1065,
            45,
            45,
            7,
            426,
            65,
            18,
            7,
            43,
            48,
            252
        ],
        [
            5,
            1172,
            19,
            9,
            16,
            24,
            14,
            13,
            92,
            12,
            594
        ],
        [
            5,
            18,
            1241,
            12,
            13,
            12,
            50,
            19,
            14,
            15,
            588
        ],
        [
            0,
            6,
            22,
            642,
            2,
            4,
            56,
            828,
            5,
            6,
            439
        ],
        [
            911,
            39,
            56,
            6,
            474,
            68,
            11,
            8,
            26,
            44,
            416
        ],
        [
            41,
            56,
            46,
            13,
            36,
            994,
            25,
            16,
            27,
            162,
            604
        ],
        [
            0,
            11,
            26,
            62,
            4,
            7,
            1284,
            37,
            18,
            6,
            555
        ],
        [
            0,
            6,
            9,
            239,
            2,
            3,
            43,
            1274,
            5,
            1,
            442
        ],
        [
            4,
            71,
            20,
            4,
            5,
            5,
            20,
            9,
            1375,
            6,
            452
        ],
        [
            31,
            35,
            55,
            15,
            35,
            106,
            15,
            16,
            18,
            1058,
            559
        ],
        [
            0,
            21,
            27,
            18,
            3,
            9,
            17,
            24,
            15,
            15,
            1836
        ]
    ],
    "cls_to_acc_val": {
        "Overall": 0.5643181818181818,
        "QAM64": 0.5269668480950025,
        "BPSK": 0.5949238578680203,
        "CPFSK": 0.6245596376446905,
        "WBFM": 0.3194029850746269,
        "QAM16": 0.23020883924235067,
        "8PSK": 0.49207920792079207,
        "GFSK": 0.6388059701492538,
        "AM-DSB": 0.6294466403162056,
        "PAM4": 0.6976154236428209,
        "QPSK": 0.5445187853834277,
        "AM-SSB": 0.9249370277078086
    },
    "snr_to_acc_val": {
        "-20": 0.09040590405904059,
        "-18": 0.08928571428571429,
        "-16": 0.082010582010582,
        "-14": 0.12773722627737227,
        "-12": 0.13830755232029118,
        "-10": 0.23684210526315788,
        "-8": 0.3781362007168459,
        "-6": 0.5042016806722689,
        "-4": 0.6313834726090993,
        "-2": 0.7146619841966637,
        "0": 0.7737765466297323,
        "2": 0.82277318640955,
        "4": 0.8226643598615917,
        "6": 0.8365296803652968,
        "8": 0.8425841674249318,
        "10": 0.8285465622280244,
        "12": 0.8408051235132662,
        "14": 0.8370998116760828,
        "16": 0.8411654135338346,
        "18": 0.8315602836879432
    },