{
    "model_configuration": {
        "cnn": {
            "output_channels": [
                32
            ],
            "kernel_sizes": [
                9
            ],
            "paddings": [
                "same"
            ]
        },
        "encoder": {
            "h": 4,
            "d_k": 32,
            "d_v": 32,
            "d_model": 32,
            "d_ff": 128,
            "n": 6
        },
        "dense": {
            "sizes": [
                128
            ]
        },
        "avg_pool": 32,
        "description": "encoder n=6"
    },
    "train_history": {
        "loss": [
            1.9821473360061646,
            1.390781283378601,
            1.3111897706985474,
            1.2860456705093384,
            1.2521904706954956,
            1.2223645448684692,
            1.2024481296539307,
            1.1871572732925415,
            1.178731083869934,
            1.1722782850265503,
            1.159360408782959,
            1.1484739780426025,
            1.1408543586730957,
            1.133899450302124,
            1.1281969547271729,
            1.1255238056182861,
            1.119283676147461,
            1.117977261543274,
            1.115751028060913,
            1.1126607656478882,
            1.1078364849090576,
            1.1062908172607422,
            1.1025776863098145,
            1.1007449626922607,
            1.1002966165542603,
            1.0971136093139648,
            1.0954965353012085,
            1.0915892124176025,
            1.0894359350204468,
            1.0854036808013916,
            1.0834684371948242,
            1.080878496170044,
            1.0809898376464844,
            1.0791782140731812,
            1.0766502618789673,
            1.0764204263687134,
            1.0745562314987183,
            1.0722428560256958,
            1.0699130296707153,
            1.0699281692504883
        ],
        "accuracy": [
            0.2502443194389343,
            0.4583125114440918,
            0.48644885420799255,
            0.4986647665500641,
            0.5189090967178345,
            0.5338238477706909,
            0.5431931614875793,
            0.5501647591590881,
            0.5546363592147827,
            0.5582613348960876,
            0.5648750066757202,
            0.5704772472381592,
            0.5749204754829407,
            0.5783295631408691,
            0.5818352103233337,
            0.5835681557655334,
            0.5853579640388489,
            0.5867897868156433,
            0.5873807072639465,
            0.589062511920929,
            0.5909261107444763,
            0.5919147729873657,
            0.5940568447113037,
            0.594301164150238,
            0.5952670574188232,
            0.5967897772789001,
            0.5970056653022766,
            0.5988238453865051,
            0.5998749732971191,
            0.6013067960739136,
            0.6015681624412537,
            0.6033750176429749,
            0.6037329435348511,
            0.6039090752601624,
            0.6057443022727966,
            0.6056534051895142,
            0.6063011288642883,
            0.6073636412620544,
            0.608198881149292,
            0.6088466048240662
        ],
        "val_loss": [
            1.474358320236206,
            1.324537992477417,
            1.3216999769210815,
            1.2612935304641724,
            1.2599785327911377,
            1.2079436779022217,
            1.1863869428634644,
            1.220038652420044,
            1.198302149772644,
            1.192051649093628,
            1.1712424755096436,
            1.1429293155670166,
            1.1469926834106445,
            1.1337579488754272,
            1.1259390115737915,
            1.1146224737167358,
            1.1299177408218384,
            1.151777744293213,
            1.116923213005066,
            1.117447853088379,
            1.1208003759384155,
            1.1177111864089966,
            1.1091665029525757,
            1.108673334121704,
            1.1045414209365845,
            1.0996415615081787,
            1.1018836498260498,
            1.098099708557129,
            1.0936715602874756,
            1.093440294265747,
            1.1002914905548096,
            1.0977323055267334,
            1.1024723052978516,
            1.087585210800171,
            1.0899361371994019,
            1.1047186851501465,
            1.0825810432434082,
            1.1176735162734985,
            1.0832250118255615,
            1.076248049736023
        ],
        "val_accuracy": [
            0.42763635516166687,
            0.4790908992290497,
            0.4783181846141815,
            0.5159545540809631,
            0.5235000252723694,
            0.5403181910514832,
            0.5497727394104004,
            0.5385454297065735,
            0.5476363897323608,
            0.5544999837875366,
            0.5682727098464966,
            0.5770454406738281,
            0.5782727003097534,
            0.5824999809265137,
            0.5820000171661377,
            0.5885000228881836,
            0.5814999938011169,
            0.5746363401412964,
            0.5912272930145264,
            0.5903182029724121,
            0.5899090766906738,
            0.58845454454422,
            0.5900909304618835,
            0.5891363620758057,
            0.5931363701820374,
            0.5964545607566833,
            0.5970908999443054,
            0.5961363911628723,
            0.6000909209251404,
            0.5999545454978943,
            0.5985909104347229,
            0.5952727198600769,
            0.5995000004768372,
            0.6007727384567261,
            0.6032272577285767,
            0.5964545607566833,
            0.6040454506874084,
            0.5926363468170166,
            0.606181800365448,
            0.6076818108558655
        ]
    },