{
    "model_configuration": {
        "cnn": {
            "output_channels": [
                32
            ],
            "kernel_sizes": [
                9
            ],
            "paddings": [
                "same"
            ]
        },
        "encoder": {
            "h": 4,
            "d_k": 32,
            "d_v": 32,
            "d_model": 32,
            "d_ff": 128,
            "n": 4
        },
        "dense": {
            "sizes": [
                128
            ]
        },
        "avg_pool": 32,
        "description": "Default small encoder"
    },
    "train_history": {
        "loss": [
            1.7203911542892456,
            1.3515678644180298,
            1.2883039712905884,
            1.2426326274871826,
            1.215133547782898,
            1.1930255889892578,
            1.1767282485961914,
            1.1630154848098755,
            1.153157353401184,
            1.1468032598495483,
            1.1359628438949585,
            1.1291730403900146,
            1.1196781396865845,
            1.1139339208602905,
            1.1092256307601929,
            1.1049878597259521,
            1.1005810499191284,
            1.097922682762146,
            1.0937790870666504,
            1.091511845588684,
            1.0885359048843384,
            1.0851919651031494,
            1.081925392150879,
            1.0808643102645874,
            1.0782674551010132,
            1.0761393308639526,
            1.075515866279602,
            1.0712953805923462,
            1.0710523128509521,
            1.0684677362442017,
            1.0665816068649292,
            1.0636857748031616,
            1.0627163648605347,
            1.0611153841018677,
            1.0582910776138306,
            1.05889892578125,
            1.0563076734542847,
            1.0545964241027832,
            1.0532082319259644,
            1.0533227920532227
        ],
        "accuracy": [
            0.344357967376709,
            0.47260794043540955,
            0.5048920512199402,
            0.5256761312484741,
            0.5385000109672546,
            0.548176109790802,
            0.5548295378684998,
            0.5620340704917908,
            0.5664147734642029,
            0.5715852379798889,
            0.5754432082176208,
            0.5794374942779541,
            0.5845341086387634,
            0.5878295302391052,
            0.5892159342765808,
            0.5912500023841858,
            0.5936079621315002,
            0.5944715738296509,
            0.5971477031707764,
            0.5981477499008179,
            0.599778413772583,
            0.6008352041244507,
            0.6027102470397949,
            0.6030113697052002,
            0.6042783856391907,
            0.6045852303504944,
            0.6051136255264282,
            0.6066761612892151,
            0.6072670221328735,
            0.6086477041244507,
            0.6100454330444336,
            0.6104545593261719,
            0.6120397448539734,
            0.6126477122306824,
            0.6131079792976379,
            0.6124886274337769,
            0.6145567893981934,
            0.6142443418502808,
            0.6148465871810913,
            0.615210235118866
        ],
        "val_loss": [
            1.381206750869751,
            1.3034682273864746,
            1.2374348640441895,
            1.2051210403442383,
            1.2143001556396484,
            1.207167387008667,
            1.168637752532959,
            1.197249412536621,
            1.181268334388733,
            1.1387948989868164,
            1.1397148370742798,
            1.1287399530410767,
            1.1098785400390625,
            1.1169483661651611,
            1.1323292255401611,
            1.1049615144729614,
            1.1088066101074219,
            1.1045535802841187,
            1.0931146144866943,
            1.1024032831192017,
            1.1084667444229126,
            1.0992259979248047,
            1.1014081239700317,
            1.096150279045105,
            1.0903770923614502,
            1.1026561260223389,
            1.1291335821151733,
            1.0895284414291382,
            1.0938736200332642,
            1.0952386856079102,
            1.0988556146621704,
            1.0786329507827759,
            1.0864372253417969,
            1.0800741910934448,
            1.081101417541504,
            1.0774790048599243,
            1.1000005006790161,
            1.0849790573120117,
            1.0822798013687134,
            1.0773228406906128
        ],
        "val_accuracy": [
            0.4542272686958313,
            0.49313637614250183,
            0.5264090895652771,
            0.541954517364502,
            0.5393636226654053,
            0.5476818084716797,
            0.552045464515686,
            0.5525000095367432,
            0.5538181662559509,
            0.5761818289756775,
            0.5747272968292236,
            0.5834090709686279,
            0.5933181643486023,
            0.587181806564331,
            0.578318178653717,
            0.5935909152030945,
            0.5933636426925659,
            0.5940909385681152,
            0.5997272729873657,
            0.5988636612892151,
            0.5918636322021484,
            0.5975909233093262,
            0.596818208694458,
            0.5985909104347229,
            0.5989545583724976,
            0.5962727069854736,
            0.5826818346977234,
            0.6027272939682007,
            0.602863609790802,
            0.602545440196991,
            0.5999545454978943,
            0.6017727255821228,
            0.6033636331558228,
            0.6050454378128052,
            0.6060000061988831,
            0.6082272529602051,
            0.5966818332672119,
            0.6060000061988831,
            0.6063181757926941,
            0.6092727184295654
        ]
    },