{
    "model_configuration": {
        "input_shape": [
            128,
            2
        ],
        "n_classes": 11,
        "output_channels": [
            32,
            48,
            64,
            96,
            128,
            192
        ],
        "kernel_sizes": [
            8,
            8,
            8,
            8,
            8,
            8
        ],
        "paddings": [
            "same",
            "same",
            "same",
            "same",
            "same",
            "same"
        ],
        "max_pool_sizes": [
            1,
            1,
            2,
            1,
            2,
            1
        ],
        "max_pool_strides": [
            1,
            1,
            2,
            1,
            2,
            1
        ],
        "avg_size": 32,
        "dense_sizes": [],
        "name": "cnn_1d_v01x"
    },
    "model_name": "CNN_1D_V012",
    "n_parameters": 386363,
    "dataset_name": "RADIOML_2016",
    "dataset_path": "/home/phile/Documents/article/RISC-V-SIMD-extension-for-the-AI-workload/models/data/radioml_2016/RML2016.10a_dict.pkl",
    "train_history": {
        "loss": [
            1.7829209566116333,
            1.478681206703186,
            1.3080569505691528,
            1.2274456024169922
        ],
        "accuracy": [
            0.3346988558769226,
            0.4466136395931244,
            0.5022386312484741,
            0.536034107208252
        ],
        "val_loss": [
            1.564132809638977,
            1.3933674097061157,
            1.2577624320983887,
            1.234794020652771
        ],
        "val_accuracy": [
            0.4245454668998718,
            0.472318172454834,
            0.5231817960739136,
            0.5385454297065735
        ],
        "lr": [
            0.0010000000474974513,
            0.0010000000474974513,
            0.0010000000474974513,
            0.0010000000474974513
        ]
    },
    "cm_val": [
        [
            691,
            3,
            660,
            43,
            21,
            16,
            5,
            66,
            43,
            353,
            0
        ],
        [
            2,
            1282,
            580,
            7,
            7,
            39,
            0,
            1,
            0,
            0,
            60
        ],
        [
            14,
            3,
            1905,
            23,
            6,
            15,
            4,
            5,
            0,
            6,
            2
        ],
        [
            20,
            5,
            640,
            1197,
            7,
            20,
            58,
            9,
            3,
            11,
            2
        ],
        [
            22,
            6,
            687,
            14,
            1232,
            39,
            2,
            31,
            7,
            21,
            1
        ],
        [
            1,
            33,
            613,
            6,
            24,
            1230,
            1,
            4,
            0,
            5,
            63
        ],
        [
            12,
            5,
            497,
            113,
            5,
            14,
            1376,
            15,
            6,
            15,
            1
        ],
        [
            91,
            4,
            454,
            49,
            19,
            14,
            14,
            152,
            1104,
            71,
            0
        ],
        [
            75,
            1,
            300,
            41,
            21,
            10,
            36,
            158,
            1370,
            72,
            0
        ],
        [
            59,
            3,
            677,
            50,
            43,
            19,
            13,
            39,
            28,
            1063,
            0
        ],
        [
            2,
            901,
            636,
            5,
            9,
            103,
            2,
            4,
            0,
            3,
            350
        ]
    ],
    "cls_to_acc_val": {
        "Overall": 0.5385454545454545,
        "8PSK": 0.3634928984744871,
        "AM-DSB": 0.6481294236602629,
        "AM-SSB": 0.9606656580937972,
        "BPSK": 0.6069979716024341,
        "CPFSK": 0.597478176527643,
        "GFSK": 0.6212121212121212,
        "PAM4": 0.6682855755220981,
        "QAM16": 0.07707910750507099,
        "QAM64": 0.6573896353166987,
        "QPSK": 0.533099297893681,
        "WBFM": 0.17369727047146402
    },
    "snr_to_acc_val": {
        "-20.0": 0.08310991957104558,
        "-18.0": 0.09419014084507042,
        "-16.0": 0.104,
        "-14.0": 0.10070671378091872,
        "-12.0": 0.10980036297640654,
        "-10.0": 0.18444055944055945,
        "-8.0": 0.35166816952209196,
        "-6.0": 0.4981785063752277,
        "-4.0": 0.6080074487895717,
        "-2.0": 0.707635009310987,
        "0.0": 0.7717879604672058,
        "2.0": 0.8133577310155535,
        "4.0": 0.7846580406654344,
        "6.0": 0.7892249527410208,
        "8.0": 0.817244611059044,
        "10.0": 0.8312387791741472,
        "12.0": 0.8050609184629803,
        "14.0": 0.8091674462114126,
        "16.0": 0.7910447761194029,
        "18.0": 0.8110599078341014
    },
    "cm_test": [
        [
            665,
            3,
            650,
            46,
            30,
            32,
            10,
            55,
            54,
            381,
            0
        ],
        [
            1,
            1290,
            604,
            3,
            1,
            48,
            0,
            4,
            0,
            2,
            57
        ],
        [
            3,
            4,
            1986,
            17,
            8,
            28,
            4,
            4,
            0,
            4,
            0
        ],
        [
            18,
            2,
            678,
            1253,
            5,
            18,
            73,
            13,
            1,
            19,
            2
        ],
        [
            22,
            3,
            637,
            21,
            1143,
            34,
            5,
            27,
            14,
            25,
            2
        ],
        [
            6,
            44,
            620,
            15,
            18,
            1258,
            2,
            3,
            0,
            6,
            47
        ],
        [
            16,
            3,
            522,
            101,
            7,
            12,
            1283,
            17,
            1,
            14,
            1
        ],
        [
            90,
            3,
            407,
            47,
            18,
            21,
            24,
            173,
            1135,
            84,
            1
        ],
        [
            50,
            3,
            287,
            44,
            23,
            6,
            26,
            147,
            1322,
            85,
            0
        ],
        [
            60,
            5,
            658,
            54,
            36,
            17,
            11,
            40,
            22,
            1047,
            1
        ],
        [
            2,
            983,
            576,
            10,
            4,
            97,
            1,
            3,
            0,
            2,
            370
        ]
    ],
    "cls_to_acc_test": {
        "Overall": 0.5359090909090909,
        "8PSK": 0.34527518172377986,
        "AM-DSB": 0.6417910447761194,
        "AM-SSB": 0.9650145772594753,
        "BPSK": 0.6018251681075889,
        "CPFSK": 0.5913088463528194,
        "GFSK": 0.6230807330361565,
        "PAM4": 0.6489630753667173,
        "QAM16": 0.08637044433349975,
        "QAM64": 0.6633216256899147,
        "QPSK": 0.5366478728856996,
        "WBFM": 0.1806640625
    },