{
    "model_configuration": {
        "cnn": {
            "output_channels": [
                32
            ],
            "kernel_sizes": [
                9
            ],
            "paddings": [
                "same"
            ]
        },
        "encoder": {
            "h": 4,
            "d_k": 32,
            "d_v": 32,
            "d_model": 32,
            "d_ff": 128,
            "n": 8
        },
        "dense": {
            "sizes": [
                128
            ]
        },
        "avg_pool": 32,
        "description": "encoder n=8"
    },
    "train_history": {
        "loss": [
            1.7764760255813599,
            1.3350697755813599,
            1.2688311338424683,
            1.2460463047027588,
            1.2213139533996582,
            1.2056055068969727,
            1.1949989795684814,
            1.1831282377243042,
            1.1759533882141113,
            1.167473316192627,
            1.156365990638733,
            1.1508711576461792,
            1.1428784132003784,
            1.1324976682662964,
            1.1286895275115967,
            1.123273253440857,
            1.11492121219635,
            1.1158969402313232,
            1.1101796627044678,
            1.1072906255722046,
            1.1061266660690308,
            1.1022825241088867,
            1.0988504886627197,
            1.0974918603897095,
            1.0948412418365479,
            1.0913236141204834,
            1.091225266456604,
            1.0869497060775757,
            1.0887995958328247,
            1.0852566957473755,
            1.082404613494873,
            1.0801523923873901,
            1.0793439149856567,
            1.0780003070831299,
            1.0767912864685059,
            1.0753133296966553,
            1.0736697912216187,
            1.0722129344940186,
            1.0729005336761475,
            1.069058895111084
        ],
        "accuracy": [
            0.32289204001426697,
            0.47841477394104004,
            0.5051817893981934,
            0.5163977146148682,
            0.5278409123420715,
            0.5359886288642883,
            0.5414772629737854,
            0.5470738410949707,
            0.5499261617660522,
            0.5554488897323608,
            0.5619886517524719,
            0.5670397877693176,
            0.5725454688072205,
            0.5779147744178772,
            0.5798806548118591,
            0.5821591019630432,
            0.5863579511642456,
            0.5854033827781677,
            0.5895568132400513,
            0.5903806686401367,
            0.5916363596916199,
            0.5933238863945007,
            0.5940284132957458,
            0.5955284237861633,
            0.5965284109115601,
            0.5970227122306824,
            0.5985738635063171,
            0.599585235118866,
            0.5993182063102722,
            0.6006193161010742,
            0.6021590828895569,
            0.6026079654693604,
            0.6033636331558228,
            0.6041250228881836,
            0.6048863530158997,
            0.605073869228363,
            0.6056079268455505,
            0.6065965890884399,
            0.6057556867599487,
            0.6086363792419434
        ],
        "val_loss": [
            1.3885903358459473,
            1.2768776416778564,
            1.2582402229309082,
            1.239449381828308,
            1.2119660377502441,
            1.1976252794265747,
            1.183358073234558,
            1.1810349225997925,
            1.179205060005188,
            1.1946101188659668,
            1.1380494832992554,
            1.1642800569534302,
            1.135109782218933,
            1.1219654083251953,
            1.139323353767395,
            1.1174099445343018,
            1.1320525407791138,
            1.1171387434005737,
            1.114700198173523,
            1.1202800273895264,
            1.1131112575531006,
            1.1177852153778076,
            1.111498236656189,
            1.104215145111084,
            1.0936661958694458,
            1.1021901369094849,
            1.1072430610656738,
            1.107945203781128,
            1.1281936168670654,
            1.0861146450042725,
            1.095290184020996,
            1.0929367542266846,
            1.1075716018676758,
            1.0913912057876587,
            1.0897265672683716,
            1.0853952169418335,
            1.0968782901763916,
            1.0903666019439697,
            1.084347128868103,
            1.079580307006836
        ],
        "val_accuracy": [
            0.46027272939682007,
            0.5011818408966064,
            0.5087272524833679,
            0.5212727189064026,
            0.5300909280776978,
            0.5425454378128052,
            0.5448181629180908,
            0.5488636493682861,
            0.5429545640945435,
            0.5456363558769226,
            0.5724999904632568,
            0.5644999742507935,
            0.5735909342765808,
            0.5861363410949707,
            0.5734090805053711,
            0.5864090919494629,
            0.5834090709686279,
            0.584636390209198,
            0.5911818146705627,
            0.5863636136054993,
            0.5893181562423706,
            0.5940454602241516,
            0.5886818170547485,
            0.5917272567749023,
            0.5990909337997437,
            0.5969091057777405,
            0.5931817889213562,
            0.5942727327346802,
            0.5893181562423706,
            0.6033181548118591,
            0.5982272624969482,
            0.5981818437576294,
            0.5929545164108276,
            0.5975454449653625,
            0.6007272601127625,
            0.6050909161567688,
            0.5990909337997437,
            0.6037726998329163,
            0.6032272577285767,
            0.6038636565208435
        ]
    },
    "cm_val": [
        [
            1183,
            42,
            35,
            38,
            432,
            8,
            33,
            2,
            4,
            270,
            12
        ],
        [
            106,
            1049,
            75,
            57,
            631,
            8,
            33,
            3,
            5,
            35,
            18
        ],
        [
            68,
            52,
            1105,
            40,
            589,
            13,
            36,
            2,
            1,
            27,
            10
        ],
        [
            30,
            14,
            8,
            1225,
            615,
            37,
            32,
            3,
            1,
            7,
            15
        ],
        [
            9,
            0,
            7,
            16,
            1881,
            6,
            35,
            4,
            1,
            2,
            24
        ],
        [
            12,
            3,
            6,
            46,
            589,
            1261,
            22,
            30,
            4,
            7,
            30
        ],
        [
            5,
            2,
            5,
            7,
            477,
            5,
            1425,
            0,
            30,
            7,
            8
        ],
        [
            2,
            0,
            5,
            3,
            477,
            80,
            9,
            455,
            0,
            3,
            976
        ],
        [
            19,
            7,
            9,
            16,
            627,
            6,
            142,
            2,
            1122,
            7,
            13
        ],
        [
            485,
            38,
            35,
            38,
            286,
            8,
            38,
            0,
            4,
            1080,
            9
        ],
        [
            4,
            0,
            1,
            2,
            462,
            15,
            7,
            21,
            0,
            0,
            1512
        ]
    ],