{
    "model_configuration": {
        "cnn": {
            "output_channels": [
                32,
                48,
                64
            ],
            "kernel_sizes": [
                8,
                8,
                8
            ],
            "paddings": [
                "same",
                "same",
                "same"
            ],
            "max_pool_sizes": [
                1,
                2,
                2
            ]
        },
        "dense": {
            "sizes": []
        },
        "avg_pool": 32
    },
    "train_history": {
        "loss": [
            2.0460901260375977,
            1.7792414426803589,
            1.6650035381317139,
            1.5950018167495728,
            1.531951665878296,
            1.4643292427062988,
            1.3953533172607422,
            1.3469651937484741,
            1.3225252628326416,
            1.2977715730667114,
            1.2955684661865234,
            1.293840765953064,
            1.2920639514923096,
            1.2905349731445312,
            1.2888425588607788,
            1.2874332666397095
        ],
        "accuracy": [
            0.24878977239131927,
            0.34682953357696533,
            0.3928920328617096,
            0.417823851108551,
            0.43849432468414307,
            0.4574488699436188,
            0.4806079566478729,
            0.4968295395374298,
            0.5033295750617981,
            0.5154545307159424,
            0.5156022906303406,
            0.5167670249938965,
            0.517852246761322,
            0.5179091095924377,
            0.5179772973060608,
            0.5188295245170593
        ],
        "val_loss": [
            1.8331844806671143,
            1.701501727104187,
            1.6216704845428467,
            1.5623689889907837,
            1.4943286180496216,
            1.4392544031143188,
            1.3646416664123535,
            1.3296490907669067,
            1.3053991794586182,
            1.2966469526290894,
            1.2965925931930542,
            1.2934317588806152,
            1.2904694080352783,
            1.2904330492019653,
            1.2897095680236816,
            1.2861672639846802
        ],
        "val_accuracy": [
            0.31963637471199036,
            0.3768181800842285,
            0.40781816840171814,
            0.42736363410949707,
            0.4484545588493347,
            0.4699999988079071,
            0.4944545328617096,
            0.5040454268455505,
            0.5103181600570679,
            0.5123181939125061,
            0.5160909295082092,
            0.5169545412063599,
            0.5181363821029663,
            0.5170454382896423,
            0.514409065246582,
            0.5197272896766663
        ],
        "lr": [
            0.0010000000474974513,
            0.0010000000474974513,
            0.0010000000474974513,
            0.0010000000474974513,
            0.0010000000474974513,
            0.0010000000474974513,
            0.0010000000474974513,
            0.0010000000474974513,
            0.0010000000474974513,
            9.999999747378752e-05,
            9.999999747378752e-05,
            9.999999747378752e-05,
            9.999999747378752e-05,
            9.999999747378752e-05,
            9.999999747378752e-05,
            9.999999747378752e-05
        ]
    },
    "cm_val": [
        [
            1135,
            53,
            59,
            12,
            251,
            148,
            14,
            6,
            49,
            64,
            230
        ],
        [
            0,
            1138,
            46,
            19,
            4,
            36,
            18,
            12,
            110,
            45,
            542
        ],
        [
            7,
            27,
            1246,
            19,
            7,
            42,
            42,
            23,
            32,
            16,
            526
        ],
        [
            1,
            9,
            25,
            550,
            0,
            13,
            124,
            857,
            21,
            9,
            401
        ],
        [
            963,
            61,
            73,
            17,
            285,
            165,
            20,
            13,
            34,
            68,
            360
        ],
        [
            22,
            53,
            89,
            15,
            21,
            850,
            23,
            20,
            46,
            327,
            554
        ],
        [
            1,
            18,
            62,
            99,
            2,
            18,
            1233,
            35,
            16,
            15,
            511
        ],
        [
            0,
            11,
            23,
            327,
            3,
            11,
            37,
            1205,
            13,
            2,
            392
        ],
        [
            8,
            122,
            32,
            13,
            5,
            23,
            15,
            16,
            1315,
            27,
            395
        ],
        [
            16,
            75,
            99,
            19,
            25,
            403,
            12,
            12,
            34,
            734,
            514
        ],
        [
            0,
            50,
            43,
            29,
            1,
            29,
            16,
            29,
            34,
            12,
            1742
        ]
    ],
    "cls_to_acc_val": {
        "Overall": 0.5196818181818181,
        "QAM64": 0.5616031667491341,
        "BPSK": 0.5776649746192893,
        "CPFSK": 0.6270759939607449,
        "WBFM": 0.2736318407960199,
        "QAM16": 0.13841670713938806,
        "8PSK": 0.4207920792079208,
        "GFSK": 0.6134328358208955,
        "AM-DSB": 0.5953557312252964,
        "PAM4": 0.6671740233384069,
        "QPSK": 0.3777663407102419,
        "AM-SSB": 0.8775818639798488
    },
    "snr_to_acc_val": {
        "-20": 0.0959409594095941,
        "-18": 0.09774436090225563,
        "-16": 0.07936507936507936,
        "-14": 0.12956204379562045,
        "-12": 0.12283894449499545,
        "-10": 0.25226860254083483,
        "-8": 0.3449820788530466,
        "-6": 0.4584500466853408,
        "-4": 0.5923862581244197,
        "-2": 0.6496927129060579,
        "0": 0.7082179132040628,
        "2": 0.7392102846648301,
        "4": 0.7560553633217993,
        "6": 0.7662100456621005,
        "8": 0.7661510464058234,
        "10": 0.7432550043516101,
        "12": 0.7703568161024703,
        "14": 0.7674199623352166,
        "16": 0.7810150375939849,
        "18": 0.7597517730496454
    },