{
    "model_configuration": {
        "cnn": {
            "output_channels": [
                32
            ],
            "kernel_sizes": [
                65
            ],
            "paddings": [
                "same"
            ]
        },
        "encoder": {
            "h": 4,
            "d_k": 32,
            "d_v": 32,
            "d_model": 32,
            "d_ff": 128,
            "n": 4
        },
        "dense": {
            "sizes": [
                128
            ]
        },
        "avg_pool": 32,
        "description": "k=65"
    },
    "train_history": {
        "loss": [
            1.7002427577972412,
            1.2889869213104248,
            1.2227736711502075,
            1.1928348541259766,
            1.170986294746399,
            1.1546255350112915,
            1.1471303701400757,
            1.1393775939941406,
            1.1335043907165527,
            1.1324182748794556,
            1.1238205432891846,
            1.119317650794983,
            1.115241527557373,
            1.109562635421753,
            1.1075853109359741,
            1.10273015499115,
            1.0984582901000977,
            1.0924807786941528,
            1.0903304815292358,
            1.0852875709533691,
            1.0831871032714844,
            1.0776488780975342,
            1.0744004249572754,
            1.0720659494400024,
            1.0697978734970093,
            1.0647773742675781,
            1.0648490190505981,
            1.0611430406570435,
            1.0593464374542236,
            1.0568515062332153,
            1.054337501525879,
            1.052006483078003,
            1.0518827438354492,
            1.0494893789291382,
            1.0487005710601807,
            1.0464918613433838,
            1.0463769435882568,
            1.043639063835144,
            1.0421805381774902,
            1.0406990051269531
        ],
        "accuracy": [
            0.34665340185165405,
            0.5001306533813477,
            0.5289204716682434,
            0.5421647429466248,
            0.5521761178970337,
            0.5593295693397522,
            0.5618466138839722,
            0.5652954578399658,
            0.5680511593818665,
            0.567119300365448,
            0.5722045302391052,
            0.5746591091156006,
            0.5778806805610657,
            0.580767035484314,
            0.5836420655250549,
            0.5860454440116882,
            0.5894659161567688,
            0.594124972820282,
            0.595215916633606,
            0.5981363654136658,
            0.599102258682251,
            0.6018068194389343,
            0.6040284037590027,
            0.6056704521179199,
            0.606789767742157,
            0.6091477274894714,
            0.6099147796630859,
            0.6100909113883972,
            0.6120511293411255,
            0.612443208694458,
            0.614960253238678,
            0.6151931881904602,
            0.6157329678535461,
            0.6166420578956604,
            0.6167386174201965,
            0.6172727346420288,
            0.6178807020187378,
            0.6189374923706055,
            0.6196988821029663,
            0.6205000281333923
        ],
        "val_loss": [
            1.3990747928619385,
            1.2377235889434814,
            1.217954397201538,
            1.1873388290405273,
            1.1550917625427246,
            1.145993709564209,
            1.1501920223236084,
            1.162748098373413,
            1.1337895393371582,
            1.1335121393203735,
            1.129298210144043,
            1.1319533586502075,
            1.118996262550354,
            1.118665337562561,
            1.1153215169906616,
            1.0998046398162842,
            1.0938812494277954,
            1.105574369430542,
            1.091245174407959,
            1.0832276344299316,
            1.1185369491577148,
            1.1141737699508667,
            1.0836188793182373,
            1.076905369758606,
            1.0736850500106812,
            1.0738961696624756,
            1.0859637260437012,
            1.0830165147781372,
            1.0739691257476807,
            1.075718641281128,
            1.0807435512542725,
            1.0717629194259644,
            1.0936282873153687,
            1.088820457458496,
            1.0604159832000732,
            1.0760974884033203,
            1.0714913606643677,
            1.0951789617538452,
            1.0698883533477783,
            1.0654792785644531
        ],
        "val_accuracy": [
            0.45263636112213135,
            0.5220000147819519,
            0.5335000157356262,
            0.5467272996902466,
            0.5560454726219177,
            0.5640454292297363,
            0.558863639831543,
            0.558681845664978,
            0.5644545555114746,
            0.5681363344192505,
            0.5700454711914062,
            0.5723181962966919,
            0.5779091119766235,
            0.5755454301834106,
            0.5806363821029663,
            0.5888181924819946,
            0.5910000205039978,
            0.5911363363265991,
            0.5956363677978516,
            0.6004999876022339,
            0.58845454454422,
            0.589863657951355,
            0.6040454506874084,
            0.6054090857505798,
            0.606181800365448,
            0.6068636178970337,
            0.6004090905189514,
            0.6046817898750305,
            0.6084091067314148,
            0.6084091067314148,
            0.604590892791748,
            0.6056363582611084,
            0.6026363372802734,
            0.599227249622345,
            0.6140000224113464,
            0.6107272505760193,
            0.6106363534927368,
            0.6029545664787292,
            0.611409068107605,
            0.6144999861717224
        ]
    },
    "cm_val": [
        [
            1508,
            4,
            19,
            4,
            4,
            51,
            7,
            1,
            4,
            4,
            418
        ],
        [
            11,
            1144,
            12,
            42,
            426,
            2,
            37,
            64,
            18,
            12,
            253
        ],
        [
            38,
            11,
            1309,
            1,
            9,
            32,
            18,
            10,
            27,
            6,
            549
        ],
        [
            18,
            47,
            19,
            1094,
            46,
            7,
            22,
            88,
            31,
            18,
            553
        ],
        [
            14,
            291,
            13,
            35,
            1166,
            2,
            29,
            76,
            20,
            13,
            400
        ],
        [
            963,
            3,
            51,
            5,
            4,
            523,
            14,
            8,
            4,
            4,
            431
        ],
        [
            12,
            9,
            13,
            4,
            5,
            1,
            1423,
            8,
            11,
            37,
            448
        ],
        [
            28,
            47,
            18,
            92,
            69,
            2,
            31,
            1102,
            31,
            14,
            586
        ],
        [
            21,
            17,
            38,
            15,
            28,
            4,
            20,
            28,
            1218,
            14,
            584
        ],
        [
            15,
            15,
            15,
            7,
            16,
            1,
            133,
            17,
            6,
            1152,
            593
        ],
        [
            42,
            5,
            17,
            7,
            13,
            8,
            32,
            12,
            12,
            16,
            1821
        ]
    ],